,0
0,"Abbeville County, South Carolina"
1,"Accomack County, Virginia"
2,"Ada County, Idaho"
3,"Adair County, Iowa"
4,"Adair County, Kentucky"
5,"Adair County, Missouri"
6,"Adams County, Colorado"
7,"Adams County, Illinois"
8,"Adams County, Indiana"
9,"Adams County, Mississippi"
10,"Adams County, Nebraska"
11,"Adams County, Ohio"
12,"Adams County, Pennsylvania"
13,"Adams County, Washington"
14,"Adams County, Wisconsin"
15,"Addison County, Vermont"
16,"Aiken County, South Carolina"
17,"Alachua County, Florida"
18,"Alamance County, North Carolina"
19,"Alameda County, California"
20,"Alamosa County, Colorado"
21,"Albany County, New York"
22,"Albany County, Wyoming"
23,"Albemarle County, Virginia"
24,"Alcorn County, Mississippi"
25,"Alexander County, North Carolina"
26,"Allegan County, Michigan"
27,"Allegany County, Maryland"
28,"Allegany County, New York"
29,"Allegheny County, Pennsylvania"
30,"Allen County, Indiana"
31,"Allen County, Kentucky"
32,"Allen County, Ohio"
33,"Alpena County, Michigan"
34,"Amador County, California"
35,"Amelia County, Virginia"
36,"Amherst County, Virginia"
37,"Anderson County, Kentucky"
38,"Anderson County, South Carolina"
39,"Anderson County, Tennessee"
40,"Anderson County, Texas"
41,"Andrew County, Missouri"
42,"Andrews County, Texas"
43,"Androscoggin County, Maine"
44,"Angelina County, Texas"
45,"Anne Arundel County, Maryland"
46,"Anoka County, Minnesota"
47,"Anson County, North Carolina"
48,"Antrim County, Michigan"
49,"Apache County, Arizona"
50,"Appling County, Georgia"
51,"Aransas County, Texas"
52,"Arapahoe County, Colorado"
53,"Archuleta County, Colorado"
54,"Arkansas County, Arkansas"
55,"Arlington County, Virginia"
56,"Armstrong County, Pennsylvania"
57,"Aroostook County, Maine"
58,"Ashe County, North Carolina"
59,"Ashland County, Ohio"
60,"Ashley County, Arkansas"
61,"Ashtabula County, Ohio"
62,"Atascosa County, Texas"
63,"Atchison County, Kansas"
64,"Athens County, Ohio"
65,"Atlantic County, New Jersey"
66,"Atoka County, Oklahoma"
67,"Attala County, Mississippi"
68,"Audrain County, Missouri"
69,"Auglaize County, Ohio"
70,"Augusta County, Virginia"
71,"Austin County, Texas"
72,"Autauga County, Alabama"
73,"Avery County, North Carolina"
74,"Baker County, Florida"
75,"Baldwin County, Alabama"
76,"Baldwin County, Georgia"
77,"Baltimore County, Maryland"
78,"Bandera County, Texas"
79,"Banks County, Georgia"
80,"Bannock County, Idaho"
81,"Barbour County, Alabama"
82,"Barnstable County, Massachusetts"
83,"Barnwell County, South Carolina"
84,"Barren County, Kentucky"
85,"Barron County, Wisconsin"
86,"Barrow County, Georgia"
87,"Barry County, Michigan"
88,"Barry County, Missouri"
89,"Bartholomew County, Indiana"
90,"Barton County, Kansas"
91,"Bartow County, Georgia"
92,"Bastrop County, Texas"
93,"Bates County, Missouri"
94,"Baxter County, Arkansas"
95,"Bay County, Florida"
96,"Bay County, Michigan"
97,"Beaufort County, North Carolina"
98,"Beaufort County, South Carolina"
99,"Beaver County, Pennsylvania"
100,"Beaverhead County, Montana"
101,"Becker County, Minnesota"
102,"Beckham County, Oklahoma"
103,"Bedford County, Pennsylvania"
104,"Bedford County, Tennessee"
105,"Bedford County, Virginia"
106,"Bee County, Texas"
107,"Belknap County, New Hampshire"
108,"Bell County, Kentucky"
109,"Bell County, Texas"
110,"Belmont County, Ohio"
111,"Beltrami County, Minnesota"
112,"Bennington County, Vermont"
113,"Benton County, Arkansas"
114,"Benton County, Iowa"
115,"Benton County, Minnesota"
116,"Benton County, Oregon"
117,"Benton County, Tennessee"
118,"Benton County, Washington"
119,"Benzie County, Michigan"
120,"Bergen County, New Jersey"
121,"Berkeley County, South Carolina"
122,"Berkeley County, West Virginia"
123,"Berks County, Pennsylvania"
124,"Berkshire County, Massachusetts"
125,"Bernalillo County, New Mexico"
126,"Berrien County, Michigan"
127,"Bexar County, Texas"
128,"Bibb County, Alabama"
129,"Bibb County, Georgia"
130,"Bingham County, Idaho"
131,"Black Hawk County, Iowa"
132,"Bladen County, North Carolina"
133,"Blaine County, Idaho"
134,"Blaine County, Oklahoma"
135,"Blair County, Pennsylvania"
136,"Blanco County, Texas"
137,"Blount County, Alabama"
138,"Blount County, Tennessee"
139,"Blue Earth County, Minnesota"
140,"Bolivar County, Mississippi"
141,"Bond County, Illinois"
142,"Bonner County, Idaho"
143,"Bonneville County, Idaho"
144,"Boone County, Arkansas"
145,"Boone County, Illinois"
146,"Boone County, Indiana"
147,"Boone County, Iowa"
148,"Boone County, Kentucky"
149,"Boone County, Missouri"
150,"Bosque County, Texas"
151,"Botetourt County, Virginia"
152,"Boulder County, Colorado"
153,"Bourbon County, Kansas"
154,"Bourbon County, Kentucky"
155,"Bowie County, Texas"
156,"Box Elder County, Utah"
157,"Boyd County, Kentucky"
158,"Boyle County, Kentucky"
159,"Bradford County, Florida"
160,"Bradford County, Pennsylvania"
161,"Bradley County, Tennessee"
162,"Branch County, Michigan"
163,"Braxton County, West Virginia"
164,"Brazoria County, Texas"
165,"Brazos County, Texas"
166,"Bremer County, Iowa"
167,"Brevard County, Florida"
168,"Brewster County, Texas"
169,"Bristol County, Massachusetts"
170,"Bristol County, Rhode Island"
171,"Bronx County, New York"
172,"Brooke County, West Virginia"
173,"Brookings County, South Dakota"
174,"Brooks County, Georgia"
175,"Brooks County, Texas"
176,"Broome County, New York"
177,"Broomfield County, Colorado"
178,"Broward County, Florida"
179,"Brown County, Indiana"
180,"Brown County, Minnesota"
181,"Brown County, Ohio"
182,"Brown County, South Dakota"
183,"Brown County, Texas"
184,"Brown County, Wisconsin"
185,"Brunswick County, North Carolina"
186,"Brunswick County, Virginia"
187,"Bryan County, Georgia"
188,"Bryan County, Oklahoma"
189,"Buchanan County, Iowa"
190,"Buchanan County, Missouri"
191,"Bucks County, Pennsylvania"
192,"Buena Vista County, Iowa"
193,"Buffalo County, Nebraska"
194,"Bullitt County, Kentucky"
195,"Bulloch County, Georgia"
196,"Buncombe County, North Carolina"
197,"Bureau County, Illinois"
198,"Burke County, Georgia"
199,"Burke County, North Carolina"
200,"Burleigh County, North Dakota"
201,"Burleson County, Texas"
202,"Burlington County, New Jersey"
203,"Burnet County, Texas"
204,"Butler County, Alabama"
205,"Butler County, Kansas"
206,"Butler County, Missouri"
207,"Butler County, Ohio"
208,"Butler County, Pennsylvania"
209,"Butte County, California"
210,"Butts County, Georgia"
211,"Cabarrus County, North Carolina"
212,"Cabell County, West Virginia"
213,"Cache County, Utah"
214,"Caddo County, Oklahoma"
215,"Calaveras County, California"
216,"Caldwell County, North Carolina"
217,"Caldwell County, Texas"
218,"Caledonia County, Vermont"
219,"Calhoun County, Alabama"
220,"Calhoun County, Michigan"
221,"Calhoun County, South Carolina"
222,"Calhoun County, Texas"
223,"Callahan County, Texas"
224,"Callaway County, Missouri"
225,"Calloway County, Kentucky"
226,"Calumet County, Wisconsin"
227,"Calvert County, Maryland"
228,"Cambria County, Pennsylvania"
229,"Camden County, Georgia"
230,"Camden County, Missouri"
231,"Camden County, New Jersey"
232,"Cameron County, Texas"
233,"Campbell County, Kentucky"
234,"Campbell County, Tennessee"
235,"Campbell County, Virginia"
236,"Campbell County, Wyoming"
237,"Canadian County, Oklahoma"
238,"Candler County, Georgia"
239,"Canyon County, Idaho"
240,"Cape Girardeau County, Missouri"
241,"Cape May County, New Jersey"
242,"Carbon County, Pennsylvania"
243,"Carbon County, Wyoming"
244,"Carlton County, Minnesota"
245,"Caroline County, Maryland"
246,"Caroline County, Virginia"
247,"Carroll County, Arkansas"
248,"Carroll County, Georgia"
249,"Carroll County, Indiana"
250,"Carroll County, Iowa"
251,"Carroll County, Kentucky"
252,"Carroll County, Maryland"
253,"Carroll County, New Hampshire"
254,"Carroll County, Ohio"
255,"Carroll County, Tennessee"
256,"Carroll County, Virginia"
257,"Carson County, Texas"
258,"Carter County, Kentucky"
259,"Carter County, Oklahoma"
260,"Carter County, Tennessee"
261,"Carteret County, North Carolina"
262,"Carver County, Minnesota"
263,"Cascade County, Montana"
264,"Cass County, Indiana"
265,"Cass County, Iowa"
266,"Cass County, Michigan"
267,"Cass County, Minnesota"
268,"Cass County, Missouri"
269,"Cass County, Nebraska"
270,"Cass County, North Dakota"
271,"Cass County, Texas"
272,"Cassia County, Idaho"
273,"Caswell County, North Carolina"
274,"Catawba County, North Carolina"
275,"Catoosa County, Georgia"
276,"Cattaraugus County, New York"
277,"Cayuga County, New York"
278,"Cecil County, Maryland"
279,"Cedar County, Iowa"
280,"Centre County, Pennsylvania"
281,"Cerro Gordo County, Iowa"
282,"Chaffee County, Colorado"
283,"Chambers County, Alabama"
284,"Chambers County, Texas"
285,"Champaign County, Illinois"
286,"Champaign County, Ohio"
287,"Charles County, Maryland"
288,"Charleston County, South Carolina"
289,"Charlevoix County, Michigan"
290,"Charlotte County, Florida"
291,"Chatham County, Georgia"
292,"Chatham County, North Carolina"
293,"Chattahoochee County, Georgia"
294,"Chattooga County, Georgia"
295,"Chautauqua County, New York"
296,"Chaves County, New Mexico"
297,"Cheatham County, Tennessee"
298,"Cheboygan County, Michigan"
299,"Chelan County, Washington"
300,"Chemung County, New York"
301,"Chenango County, New York"
302,"Cherokee County, Alabama"
303,"Cherokee County, Georgia"
304,"Cherokee County, Kansas"
305,"Cherokee County, North Carolina"
306,"Cherokee County, Oklahoma"
307,"Cherokee County, South Carolina"
308,"Cherokee County, Texas"
309,"Cheshire County, New Hampshire"
310,"Chester County, Pennsylvania"
311,"Chester County, South Carolina"
312,"Chester County, Tennessee"
313,"Chesterfield County, South Carolina"
314,"Chesterfield County, Virginia"
315,"Chickasaw County, Mississippi"
316,"Chicot County, Arkansas"
317,"Chilton County, Alabama"
318,"Chippewa County, Michigan"
319,"Chippewa County, Wisconsin"
320,"Chisago County, Minnesota"
321,"Chittenden County, Vermont"
322,"Christian County, Illinois"
323,"Christian County, Kentucky"
324,"Christian County, Missouri"
325,"Churchill County, Nevada"
326,"Cibola County, New Mexico"
327,"Citrus County, Florida"
328,"Clackamas County, Oregon"
329,"Claiborne County, Tennessee"
330,"Clallam County, Washington"
331,"Clare County, Michigan"
332,"Clarendon County, South Carolina"
333,"Clarion County, Pennsylvania"
334,"Clark County, Arkansas"
335,"Clark County, Illinois"
336,"Clark County, Indiana"
337,"Clark County, Kentucky"
338,"Clark County, Nevada"
339,"Clark County, Ohio"
340,"Clark County, Washington"
341,"Clark County, Wisconsin"
342,"Clarke County, Alabama"
343,"Clarke County, Georgia"
344,"Clarke County, Mississippi"
345,"Clarke County, Virginia"
346,"Clatsop County, Oregon"
347,"Clay County, Florida"
348,"Clay County, Indiana"
349,"Clay County, Minnesota"
350,"Clay County, Mississippi"
351,"Clay County, Missouri"
352,"Clay County, South Dakota"
353,"Clay County, Texas"
354,"Clayton County, Georgia"
355,"Clear Creek County, Colorado"
356,"Clearfield County, Pennsylvania"
357,"Cleburne County, Alabama"
358,"Cleburne County, Arkansas"
359,"Clermont County, Ohio"
360,"Cleveland County, North Carolina"
361,"Cleveland County, Oklahoma"
362,"Clinton County, Illinois"
363,"Clinton County, Indiana"
364,"Clinton County, Iowa"
365,"Clinton County, Michigan"
366,"Clinton County, Missouri"
367,"Clinton County, New York"
368,"Clinton County, Ohio"
369,"Clinton County, Pennsylvania"
370,"Coahoma County, Mississippi"
371,"Cobb County, Georgia"
372,"Cochise County, Arizona"
373,"Cocke County, Tennessee"
374,"Coconino County, Arizona"
375,"Codington County, South Dakota"
376,"Coffee County, Alabama"
377,"Coffee County, Georgia"
378,"Coffee County, Tennessee"
379,"Colbert County, Alabama"
380,"Cole County, Missouri"
381,"Coles County, Illinois"
382,"Colfax County, New Mexico"
383,"Colleton County, South Carolina"
384,"Collier County, Florida"
385,"Collin County, Texas"
386,"Colorado County, Texas"
387,"Colquitt County, Georgia"
388,"Columbia County, Arkansas"
389,"Columbia County, Florida"
390,"Columbia County, Georgia"
391,"Columbia County, New York"
392,"Columbia County, Oregon"
393,"Columbia County, Pennsylvania"
394,"Columbia County, Wisconsin"
395,"Columbiana County, Ohio"
396,"Columbus County, North Carolina"
397,"Colusa County, California"
398,"Comal County, Texas"
399,"Comanche County, Oklahoma"
400,"Comanche County, Texas"
401,"Conecuh County, Alabama"
402,"Contra Costa County, California"
403,"Converse County, Wyoming"
404,"Conway County, Arkansas"
405,"Cook County, Georgia"
406,"Cook County, Illinois"
407,"Cooke County, Texas"
408,"Cooper County, Missouri"
409,"Coos County, New Hampshire"
410,"Coos County, Oregon"
411,"Copiah County, Mississippi"
412,"Cortland County, New York"
413,"Coryell County, Texas"
414,"Coshocton County, Ohio"
415,"Covington County, Alabama"
416,"Covington County, Mississippi"
417,"Coweta County, Georgia"
418,"Cowley County, Kansas"
419,"Cowlitz County, Washington"
420,"Craig County, Oklahoma"
421,"Craighead County, Arkansas"
422,"Craven County, North Carolina"
423,"Crawford County, Arkansas"
424,"Crawford County, Kansas"
425,"Crawford County, Michigan"
426,"Crawford County, Missouri"
427,"Crawford County, Ohio"
428,"Crawford County, Pennsylvania"
429,"Creek County, Oklahoma"
430,"Crisp County, Georgia"
431,"Crittenden County, Arkansas"
432,"Crockett County, Tennessee"
433,"Crockett County, Texas"
434,"Crook County, Oregon"
435,"Cross County, Arkansas"
436,"Crow Wing County, Minnesota"
437,"Culberson County, Texas"
438,"Cullman County, Alabama"
439,"Culpeper County, Virginia"
440,"Cumberland County, Illinois"
441,"Cumberland County, Maine"
442,"Cumberland County, New Jersey"
443,"Cumberland County, North Carolina"
444,"Cumberland County, Pennsylvania"
445,"Cumberland County, Tennessee"
446,"Currituck County, North Carolina"
447,"Curry County, New Mexico"
448,"Curry County, Oregon"
449,"Custer County, Oklahoma"
450,"Cuyahoga County, Ohio"
451,"Dade County, Georgia"
452,"Dakota County, Minnesota"
453,"Dakota County, Nebraska"
454,"Dale County, Alabama"
455,"Dallam County, Texas"
456,"Dallas County, Alabama"
457,"Dallas County, Iowa"
458,"Dallas County, Texas"
459,"Dane County, Wisconsin"
460,"Dare County, North Carolina"
461,"Darke County, Ohio"
462,"Darlington County, South Carolina"
463,"Dauphin County, Pennsylvania"
464,"Davidson County, North Carolina"
465,"Davidson County, Tennessee"
466,"Davie County, North Carolina"
467,"Daviess County, Indiana"
468,"Daviess County, Kentucky"
469,"Davis County, Utah"
470,"Davison County, South Dakota"
471,"Dawson County, Georgia"
472,"Dawson County, Nebraska"
473,"Dawson County, Texas"
474,"De Witt County, Illinois"
475,"DeKalb County, Alabama"
476,"DeKalb County, Georgia"
477,"DeKalb County, Illinois"
478,"DeKalb County, Indiana"
479,"DeKalb County, Tennessee"
480,"DeSoto County, Florida"
481,"DeSoto County, Mississippi"
482,"DeWitt County, Texas"
483,"Deaf Smith County, Texas"
484,"Dearborn County, Indiana"
485,"Decatur County, Georgia"
486,"Decatur County, Indiana"
487,"Decatur County, Tennessee"
488,"Defiance County, Ohio"
489,"Del Norte County, California"
490,"Delaware County, Indiana"
491,"Delaware County, New York"
492,"Delaware County, Ohio"
493,"Delaware County, Oklahoma"
494,"Delaware County, Pennsylvania"
495,"Delta County, Colorado"
496,"Delta County, Michigan"
497,"Denton County, Texas"
498,"Denver County, Colorado"
499,"Des Moines County, Iowa"
500,"Deschutes County, Oregon"
501,"Desha County, Arkansas"
502,"Dickinson County, Iowa"
503,"Dickinson County, Kansas"
504,"Dickinson County, Michigan"
505,"Dickson County, Tennessee"
506,"Dillon County, South Carolina"
507,"Dimmit County, Texas"
508,"Dinwiddie County, Virginia"
509,"Dodge County, Minnesota"
510,"Dodge County, Nebraska"
511,"Dodge County, Wisconsin"
512,"Dooly County, Georgia"
513,"Door County, Wisconsin"
514,"Dorchester County, Maryland"
515,"Dorchester County, South Carolina"
516,"Dougherty County, Georgia"
517,"Douglas County, Colorado"
518,"Douglas County, Georgia"
519,"Douglas County, Illinois"
520,"Douglas County, Kansas"
521,"Douglas County, Minnesota"
522,"Douglas County, Nebraska"
523,"Douglas County, Nevada"
524,"Douglas County, Oregon"
525,"Douglas County, Washington"
526,"Douglas County, Wisconsin"
527,"Drew County, Arkansas"
528,"DuPage County, Illinois"
529,"Dubois County, Indiana"
530,"Dubuque County, Iowa"
531,"Dukes County, Massachusetts"
532,"Dunklin County, Missouri"
533,"Dunn County, Wisconsin"
534,"Duplin County, North Carolina"
535,"Durham County, North Carolina"
536,"Dutchess County, New York"
537,"Duval County, Florida"
538,"Dyer County, Tennessee"
539,"Eagle County, Colorado"
540,"Eastland County, Texas"
541,"Eaton County, Michigan"
542,"Eau Claire County, Wisconsin"
543,"Ector County, Texas"
544,"Eddy County, New Mexico"
545,"Edgecombe County, North Carolina"
546,"Edgefield County, South Carolina"
547,"Effingham County, Georgia"
548,"Effingham County, Illinois"
549,"El Dorado County, California"
550,"El Paso County, Colorado"
551,"El Paso County, Texas"
552,"Elbert County, Colorado"
553,"Elbert County, Georgia"
554,"Elk County, Pennsylvania"
555,"Elkhart County, Indiana"
556,"Elko County, Nevada"
557,"Ellis County, Kansas"
558,"Ellis County, Texas"
559,"Elmore County, Alabama"
560,"Elmore County, Idaho"
561,"Emanuel County, Georgia"
562,"Emmet County, Michigan"
563,"Erath County, Texas"
564,"Erie County, New York"
565,"Erie County, Ohio"
566,"Erie County, Pennsylvania"
567,"Escambia County, Alabama"
568,"Escambia County, Florida"
569,"Essex County, Massachusetts"
570,"Essex County, New Jersey"
571,"Essex County, New York"
572,"Etowah County, Alabama"
573,"Fairfax County, Virginia"
574,"Fairfield County, Connecticut"
575,"Fairfield County, Ohio"
576,"Fairfield County, South Carolina"
577,"Falls County, Texas"
578,"Fannin County, Georgia"
579,"Fannin County, Texas"
580,"Faulkner County, Arkansas"
581,"Fauquier County, Virginia"
582,"Fayette County, Georgia"
583,"Fayette County, Illinois"
584,"Fayette County, Kentucky"
585,"Fayette County, Ohio"
586,"Fayette County, Pennsylvania"
587,"Fayette County, Tennessee"
588,"Fayette County, Texas"
589,"Fayette County, West Virginia"
590,"Fillmore County, Minnesota"
591,"Finney County, Kansas"
592,"Flagler County, Florida"
593,"Flathead County, Montana"
594,"Florence County, South Carolina"
595,"Floyd County, Georgia"
596,"Floyd County, Indiana"
597,"Floyd County, Iowa"
598,"Floyd County, Kentucky"
599,"Fluvanna County, Virginia"
600,"Fond du Lac County, Wisconsin"
601,"Ford County, Kansas"
602,"Forrest County, Mississippi"
603,"Forsyth County, Georgia"
604,"Forsyth County, North Carolina"
605,"Fort Bend County, Texas"
606,"Fountain County, Indiana"
607,"Franklin County, Alabama"
608,"Franklin County, Arkansas"
609,"Franklin County, Georgia"
610,"Franklin County, Illinois"
611,"Franklin County, Indiana"
612,"Franklin County, Iowa"
613,"Franklin County, Kansas"
614,"Franklin County, Kentucky"
615,"Franklin County, Maine"
616,"Franklin County, Massachusetts"
617,"Franklin County, Missouri"
618,"Franklin County, New York"
619,"Franklin County, North Carolina"
620,"Franklin County, Ohio"
621,"Franklin County, Pennsylvania"
622,"Franklin County, Tennessee"
623,"Franklin County, Texas"
624,"Franklin County, Vermont"
625,"Franklin County, Virginia"
626,"Franklin County, Washington"
627,"Frederick County, Maryland"
628,"Frederick County, Virginia"
629,"Freeborn County, Minnesota"
630,"Freestone County, Texas"
631,"Fremont County, Colorado"
632,"Fremont County, Wyoming"
633,"Fresno County, California"
634,"Frio County, Texas"
635,"Fulton County, Georgia"
636,"Fulton County, Illinois"
637,"Fulton County, Indiana"
638,"Fulton County, New York"
639,"Fulton County, Ohio"
640,"Fulton County, Pennsylvania"
641,"Gadsden County, Florida"
642,"Gage County, Nebraska"
643,"Gaines County, Texas"
644,"Gallatin County, Kentucky"
645,"Gallatin County, Montana"
646,"Gallia County, Ohio"
647,"Galveston County, Texas"
648,"Garfield County, Colorado"
649,"Garfield County, Oklahoma"
650,"Garfield County, Utah"
651,"Garland County, Arkansas"
652,"Garrett County, Maryland"
653,"Garvin County, Oklahoma"
654,"Garza County, Texas"
655,"Gaston County, North Carolina"
656,"Geary County, Kansas"
657,"Geauga County, Ohio"
658,"Genesee County, Michigan"
659,"Genesee County, New York"
660,"Geneva County, Alabama"
661,"George County, Mississippi"
662,"Georgetown County, South Carolina"
663,"Gibson County, Indiana"
664,"Gibson County, Tennessee"
665,"Gila County, Arizona"
666,"Gilchrist County, Florida"
667,"Giles County, Tennessee"
668,"Gillespie County, Texas"
669,"Gilmer County, Georgia"
670,"Glades County, Florida"
671,"Glenn County, California"
672,"Gloucester County, New Jersey"
673,"Gloucester County, Virginia"
674,"Glynn County, Georgia"
675,"Gonzales County, Texas"
676,"Goochland County, Virginia"
677,"Goodhue County, Minnesota"
678,"Gordon County, Georgia"
679,"Grady County, Georgia"
680,"Grady County, Oklahoma"
681,"Grafton County, New Hampshire"
682,"Graham County, Arizona"
683,"Grainger County, Tennessee"
684,"Grand County, Colorado"
685,"Grand County, Utah"
686,"Grand Forks County, North Dakota"
687,"Grand Traverse County, Michigan"
688,"Grant County, Arkansas"
689,"Grant County, Indiana"
690,"Grant County, Kentucky"
691,"Grant County, New Mexico"
692,"Grant County, Washington"
693,"Grant County, Wisconsin"
694,"Granville County, North Carolina"
695,"Gratiot County, Michigan"
696,"Graves County, Kentucky"
697,"Gray County, Texas"
698,"Grays Harbor County, Washington"
699,"Grayson County, Kentucky"
700,"Grayson County, Texas"
701,"Green County, Wisconsin"
702,"Greenbrier County, West Virginia"
703,"Greene County, Alabama"
704,"Greene County, Arkansas"
705,"Greene County, Georgia"
706,"Greene County, Indiana"
707,"Greene County, Missouri"
708,"Greene County, New York"
709,"Greene County, North Carolina"
710,"Greene County, Ohio"
711,"Greene County, Pennsylvania"
712,"Greene County, Tennessee"
713,"Greene County, Virginia"
714,"Greensville County, Virginia"
715,"Greenup County, Kentucky"
716,"Greenville County, South Carolina"
717,"Greenwood County, South Carolina"
718,"Gregg County, Texas"
719,"Grenada County, Mississippi"
720,"Grimes County, Texas"
721,"Grundy County, Illinois"
722,"Grundy County, Iowa"
723,"Grundy County, Tennessee"
724,"Guadalupe County, New Mexico"
725,"Guadalupe County, Texas"
726,"Guernsey County, Ohio"
727,"Guilford County, North Carolina"
728,"Gulf County, Florida"
729,"Gunnison County, Colorado"
730,"Gwinnett County, Georgia"
731,"Habersham County, Georgia"
732,"Hale County, Texas"
733,"Halifax County, North Carolina"
734,"Halifax County, Virginia"
735,"Hall County, Georgia"
736,"Hall County, Nebraska"
737,"Hamblen County, Tennessee"
738,"Hamilton County, Florida"
739,"Hamilton County, Indiana"
740,"Hamilton County, Iowa"
741,"Hamilton County, Ohio"
742,"Hamilton County, Tennessee"
743,"Hamilton County, Texas"
744,"Hampden County, Massachusetts"
745,"Hampshire County, Massachusetts"
746,"Hampton County, South Carolina"
747,"Hancock County, Indiana"
748,"Hancock County, Maine"
749,"Hancock County, Mississippi"
750,"Hancock County, Ohio"
751,"Hancock County, West Virginia"
752,"Hanover County, Virginia"
753,"Haralson County, Georgia"
754,"Hardee County, Florida"
755,"Hardeman County, Tennessee"
756,"Hardin County, Iowa"
757,"Hardin County, Kentucky"
758,"Hardin County, Ohio"
759,"Hardin County, Tennessee"
760,"Hardin County, Texas"
761,"Harford County, Maryland"
762,"Harnett County, North Carolina"
763,"Harris County, Georgia"
764,"Harris County, Texas"
765,"Harrison County, Indiana"
766,"Harrison County, Iowa"
767,"Harrison County, Mississippi"
768,"Harrison County, Texas"
769,"Harrison County, West Virginia"
770,"Hart County, Georgia"
771,"Hart County, Kentucky"
772,"Hartford County, Connecticut"
773,"Hartley County, Texas"
774,"Harvey County, Kansas"
775,"Hawaii County, Hawaii"
776,"Hawkins County, Tennessee"
777,"Hays County, Texas"
778,"Haywood County, North Carolina"
779,"Haywood County, Tennessee"
780,"Hempstead County, Arkansas"
781,"Henderson County, Kentucky"
782,"Henderson County, North Carolina"
783,"Henderson County, Tennessee"
784,"Henderson County, Texas"
785,"Hendricks County, Indiana"
786,"Hendry County, Florida"
787,"Hennepin County, Minnesota"
788,"Henrico County, Virginia"
789,"Henry County, Georgia"
790,"Henry County, Illinois"
791,"Henry County, Indiana"
792,"Henry County, Iowa"
793,"Henry County, Kentucky"
794,"Henry County, Missouri"
795,"Henry County, Ohio"
796,"Henry County, Tennessee"
797,"Henry County, Virginia"
798,"Herkimer County, New York"
799,"Hernando County, Florida"
800,"Hertford County, North Carolina"
801,"Hickman County, Tennessee"
802,"Hidalgo County, New Mexico"
803,"Hidalgo County, Texas"
804,"Highland County, Ohio"
805,"Highlands County, Florida"
806,"Hill County, Texas"
807,"Hillsborough County, Florida"
808,"Hillsborough County, New Hampshire"
809,"Hillsdale County, Michigan"
810,"Hinds County, Mississippi"
811,"Hocking County, Ohio"
812,"Hockley County, Texas"
813,"Hoke County, North Carolina"
814,"Holmes County, Florida"
815,"Holmes County, Mississippi"
816,"Holmes County, Ohio"
817,"Honolulu County, Hawaii"
818,"Hood County, Texas"
819,"Hood River County, Oregon"
820,"Hopkins County, Kentucky"
821,"Hopkins County, Texas"
822,"Horry County, South Carolina"
823,"Hot Spring County, Arkansas"
824,"Houghton County, Michigan"
825,"Houston County, Alabama"
826,"Houston County, Georgia"
827,"Houston County, Texas"
828,"Howard County, Indiana"
829,"Howard County, Maryland"
830,"Howard County, Texas"
831,"Howell County, Missouri"
832,"Hubbard County, Minnesota"
833,"Hudson County, New Jersey"
834,"Humboldt County, California"
835,"Humboldt County, Nevada"
836,"Humphreys County, Tennessee"
837,"Hunt County, Texas"
838,"Hunterdon County, New Jersey"
839,"Huntingdon County, Pennsylvania"
840,"Huntington County, Indiana"
841,"Huron County, Michigan"
842,"Huron County, Ohio"
843,"Hutchinson County, Texas"
844,"Imperial County, California"
845,"Independence County, Arkansas"
846,"Indian River County, Florida"
847,"Indiana County, Pennsylvania"
848,"Ingham County, Michigan"
849,"Inyo County, California"
850,"Ionia County, Michigan"
851,"Iowa County, Iowa"
852,"Iowa County, Wisconsin"
853,"Iredell County, North Carolina"
854,"Iron County, Utah"
855,"Iroquois County, Illinois"
856,"Isabella County, Michigan"
857,"Isanti County, Minnesota"
858,"Island County, Washington"
859,"Isle of Wight County, Virginia"
860,"Itasca County, Minnesota"
861,"Itawamba County, Mississippi"
862,"Jack County, Texas"
863,"Jackson County, Alabama"
864,"Jackson County, Arkansas"
865,"Jackson County, Florida"
866,"Jackson County, Georgia"
867,"Jackson County, Illinois"
868,"Jackson County, Indiana"
869,"Jackson County, Michigan"
870,"Jackson County, Mississippi"
871,"Jackson County, Missouri"
872,"Jackson County, North Carolina"
873,"Jackson County, Ohio"
874,"Jackson County, Oklahoma"
875,"Jackson County, Oregon"
876,"Jackson County, Texas"
877,"Jackson County, West Virginia"
878,"Jackson County, Wisconsin"
879,"James City County, Virginia"
880,"Jasper County, Georgia"
881,"Jasper County, Indiana"
882,"Jasper County, Iowa"
883,"Jasper County, Mississippi"
884,"Jasper County, Missouri"
885,"Jasper County, South Carolina"
886,"Jasper County, Texas"
887,"Jay County, Indiana"
888,"Jefferson County, Alabama"
889,"Jefferson County, Arkansas"
890,"Jefferson County, Colorado"
891,"Jefferson County, Florida"
892,"Jefferson County, Idaho"
893,"Jefferson County, Illinois"
894,"Jefferson County, Indiana"
895,"Jefferson County, Kansas"
896,"Jefferson County, Kentucky"
897,"Jefferson County, Missouri"
898,"Jefferson County, New York"
899,"Jefferson County, Ohio"
900,"Jefferson County, Oregon"
901,"Jefferson County, Pennsylvania"
902,"Jefferson County, Tennessee"
903,"Jefferson County, Texas"
904,"Jefferson County, Washington"
905,"Jefferson County, West Virginia"
906,"Jefferson County, Wisconsin"
907,"Jennings County, Indiana"
908,"Jerome County, Idaho"
909,"Jersey County, Illinois"
910,"Jessamine County, Kentucky"
911,"Jim Wells County, Texas"
912,"Jo Daviess County, Illinois"
913,"Johnson County, Arkansas"
914,"Johnson County, Indiana"
915,"Johnson County, Iowa"
916,"Johnson County, Kansas"
917,"Johnson County, Missouri"
918,"Johnson County, Texas"
919,"Johnston County, North Carolina"
920,"Johnston County, Oklahoma"
921,"Jones County, Georgia"
922,"Jones County, Iowa"
923,"Jones County, Mississippi"
924,"Jones County, North Carolina"
925,"Jones County, Texas"
926,"Josephine County, Oregon"
927,"Juab County, Utah"
928,"Juneau County, Wisconsin"
929,"Juniata County, Pennsylvania"
930,"Kalamazoo County, Michigan"
931,"Kalkaska County, Michigan"
932,"Kanawha County, West Virginia"
933,"Kandiyohi County, Minnesota"
934,"Kane County, Illinois"
935,"Kankakee County, Illinois"
936,"Karnes County, Texas"
937,"Kauai County, Hawaii"
938,"Kaufman County, Texas"
939,"Kay County, Oklahoma"
940,"Keith County, Nebraska"
941,"Kendall County, Illinois"
942,"Kendall County, Texas"
943,"Kennebec County, Maine"
944,"Kenosha County, Wisconsin"
945,"Kent County, Delaware"
946,"Kent County, Maryland"
947,"Kent County, Michigan"
948,"Kent County, Rhode Island"
949,"Kenton County, Kentucky"
950,"Kern County, California"
951,"Kerr County, Texas"
952,"Kershaw County, South Carolina"
953,"Kewaunee County, Wisconsin"
954,"Kimble County, Texas"
955,"King County, Washington"
956,"King George County, Virginia"
957,"King William County, Virginia"
958,"Kingfisher County, Oklahoma"
959,"Kings County, California"
960,"Kings County, New York"
961,"Kit Carson County, Colorado"
962,"Kitsap County, Washington"
963,"Kittitas County, Washington"
964,"Klamath County, Oregon"
965,"Kleberg County, Texas"
966,"Knox County, Illinois"
967,"Knox County, Indiana"
968,"Knox County, Kentucky"
969,"Knox County, Maine"
970,"Knox County, Ohio"
971,"Knox County, Tennessee"
972,"Kootenai County, Idaho"
973,"Kosciusko County, Indiana"
974,"La Crosse County, Wisconsin"
975,"La Paz County, Arizona"
976,"La Plata County, Colorado"
977,"La Salle County, Texas"
978,"LaGrange County, Indiana"
979,"LaPorte County, Indiana"
980,"LaSalle County, Illinois"
981,"Labette County, Kansas"
982,"Lackawanna County, Pennsylvania"
983,"Laclede County, Missouri"
984,"Lafayette County, Mississippi"
985,"Lafayette County, Missouri"
986,"Lake County, California"
987,"Lake County, Florida"
988,"Lake County, Illinois"
989,"Lake County, Indiana"
990,"Lake County, Montana"
991,"Lake County, Ohio"
992,"Lamar County, Georgia"
993,"Lamar County, Mississippi"
994,"Lamar County, Texas"
995,"Lamoille County, Vermont"
996,"Lampasas County, Texas"
997,"Lancaster County, Nebraska"
998,"Lancaster County, Pennsylvania"
999,"Lancaster County, South Carolina"
1000,"Lane County, Oregon"
1001,"Lapeer County, Michigan"
1002,"Laramie County, Wyoming"
1003,"Larimer County, Colorado"
1004,"Las Animas County, Colorado"
1005,"Lassen County, California"
1006,"Latah County, Idaho"
1007,"Lauderdale County, Alabama"
1008,"Lauderdale County, Mississippi"
1009,"Lauderdale County, Tennessee"
1010,"Laurel County, Kentucky"
1011,"Laurens County, Georgia"
1012,"Laurens County, South Carolina"
1013,"Lavaca County, Texas"
1014,"Lawrence County, Alabama"
1015,"Lawrence County, Arkansas"
1016,"Lawrence County, Indiana"
1017,"Lawrence County, Missouri"
1018,"Lawrence County, Ohio"
1019,"Lawrence County, Pennsylvania"
1020,"Lawrence County, South Dakota"
1021,"Lawrence County, Tennessee"
1022,"Le Flore County, Oklahoma"
1023,"Le Sueur County, Minnesota"
1024,"Lea County, New Mexico"
1025,"Leake County, Mississippi"
1026,"Leavenworth County, Kansas"
1027,"Lebanon County, Pennsylvania"
1028,"Lee County, Alabama"
1029,"Lee County, Florida"
1030,"Lee County, Georgia"
1031,"Lee County, Illinois"
1032,"Lee County, Iowa"
1033,"Lee County, Mississippi"
1034,"Lee County, North Carolina"
1035,"Lee County, South Carolina"
1036,"Lee County, Texas"
1037,"Leelanau County, Michigan"
1038,"Leflore County, Mississippi"
1039,"Lehigh County, Pennsylvania"
1040,"Lenawee County, Michigan"
1041,"Lenoir County, North Carolina"
1042,"Leon County, Florida"
1043,"Leon County, Texas"
1044,"Levy County, Florida"
1045,"Lewis County, New York"
1046,"Lewis County, Washington"
1047,"Lewis County, West Virginia"
1048,"Lewis and Clark County, Montana"
1049,"Lexington County, South Carolina"
1050,"Liberty County, Georgia"
1051,"Liberty County, Texas"
1052,"Licking County, Ohio"
1053,"Limestone County, Alabama"
1054,"Limestone County, Texas"
1055,"Lincoln County, Colorado"
1056,"Lincoln County, Kentucky"
1057,"Lincoln County, Maine"
1058,"Lincoln County, Mississippi"
1059,"Lincoln County, Missouri"
1060,"Lincoln County, Nebraska"
1061,"Lincoln County, New Mexico"
1062,"Lincoln County, North Carolina"
1063,"Lincoln County, Oklahoma"
1064,"Lincoln County, Oregon"
1065,"Lincoln County, South Dakota"
1066,"Lincoln County, Tennessee"
1067,"Lincoln County, Wisconsin"
1068,"Linn County, Iowa"
1069,"Linn County, Oregon"
1070,"Litchfield County, Connecticut"
1071,"Live Oak County, Texas"
1072,"Livingston County, Illinois"
1073,"Livingston County, Michigan"
1074,"Livingston County, New York"
1075,"Llano County, Texas"
1076,"Logan County, Colorado"
1077,"Logan County, Illinois"
1078,"Logan County, Kentucky"
1079,"Logan County, Ohio"
1080,"Logan County, Oklahoma"
1081,"Logan County, West Virginia"
1082,"Lonoke County, Arkansas"
1083,"Lorain County, Ohio"
1084,"Los Angeles County, California"
1085,"Loudon County, Tennessee"
1086,"Loudoun County, Virginia"
1087,"Louisa County, Virginia"
1088,"Love County, Oklahoma"
1089,"Loving County, Texas"
1090,"Lowndes County, Alabama"
1091,"Lowndes County, Georgia"
1092,"Lowndes County, Mississippi"
1093,"Lubbock County, Texas"
1094,"Lucas County, Ohio"
1095,"Lumpkin County, Georgia"
1096,"Luna County, New Mexico"
1097,"Luzerne County, Pennsylvania"
1098,"Lycoming County, Pennsylvania"
1099,"Lyon County, Kansas"
1100,"Lyon County, Kentucky"
1101,"Lyon County, Minnesota"
1102,"Lyon County, Nevada"
1103,"Macomb County, Michigan"
1104,"Macon County, Alabama"
1105,"Macon County, Illinois"
1106,"Macon County, North Carolina"
1107,"Macon County, Tennessee"
1108,"Macoupin County, Illinois"
1109,"Madera County, California"
1110,"Madison County, Alabama"
1111,"Madison County, Arkansas"
1112,"Madison County, Florida"
1113,"Madison County, Georgia"
1114,"Madison County, Idaho"
1115,"Madison County, Illinois"
1116,"Madison County, Indiana"
1117,"Madison County, Iowa"
1118,"Madison County, Kentucky"
1119,"Madison County, Mississippi"
1120,"Madison County, Montana"
1121,"Madison County, Nebraska"
1122,"Madison County, New York"
1123,"Madison County, North Carolina"
1124,"Madison County, Ohio"
1125,"Madison County, Tennessee"
1126,"Madison County, Texas"
1127,"Madison County, Virginia"
1128,"Mahaska County, Iowa"
1129,"Mahoning County, Ohio"
1130,"Malheur County, Oregon"
1131,"Manatee County, Florida"
1132,"Manitowoc County, Wisconsin"
1133,"Marathon County, Wisconsin"
1134,"Marengo County, Alabama"
1135,"Maricopa County, Arizona"
1136,"Marin County, California"
1137,"Marinette County, Wisconsin"
1138,"Marion County, Alabama"
1139,"Marion County, Florida"
1140,"Marion County, Illinois"
1141,"Marion County, Indiana"
1142,"Marion County, Iowa"
1143,"Marion County, Kentucky"
1144,"Marion County, Mississippi"
1145,"Marion County, Missouri"
1146,"Marion County, Ohio"
1147,"Marion County, Oregon"
1148,"Marion County, South Carolina"
1149,"Marion County, Tennessee"
1150,"Marion County, West Virginia"
1151,"Mariposa County, California"
1152,"Marlboro County, South Carolina"
1153,"Marquette County, Michigan"
1154,"Marshall County, Alabama"
1155,"Marshall County, Indiana"
1156,"Marshall County, Iowa"
1157,"Marshall County, Kentucky"
1158,"Marshall County, Mississippi"
1159,"Marshall County, Oklahoma"
1160,"Marshall County, Tennessee"
1161,"Marshall County, West Virginia"
1162,"Martin County, Florida"
1163,"Martin County, Minnesota"
1164,"Martin County, North Carolina"
1165,"Martin County, Texas"
1166,"Mason County, Kentucky"
1167,"Mason County, Michigan"
1168,"Mason County, Washington"
1169,"Mason County, West Virginia"
1170,"Massac County, Illinois"
1171,"Matagorda County, Texas"
1172,"Maui County, Hawaii"
1173,"Maury County, Tennessee"
1174,"Maverick County, Texas"
1175,"Mayes County, Oklahoma"
1176,"McClain County, Oklahoma"
1177,"McCracken County, Kentucky"
1178,"McCulloch County, Texas"
1179,"McCurtain County, Oklahoma"
1180,"McDonald County, Missouri"
1181,"McDonough County, Illinois"
1182,"McDowell County, North Carolina"
1183,"McDuffie County, Georgia"
1184,"McHenry County, Illinois"
1185,"McIntosh County, Georgia"
1186,"McIntosh County, Oklahoma"
1187,"McKean County, Pennsylvania"
1188,"McKenzie County, North Dakota"
1189,"McKinley County, New Mexico"
1190,"McLean County, Illinois"
1191,"McLennan County, Texas"
1192,"McLeod County, Minnesota"
1193,"McMinn County, Tennessee"
1194,"McMullen County, Texas"
1195,"McNairy County, Tennessee"
1196,"McPherson County, Kansas"
1197,"Meade County, Kentucky"
1198,"Meade County, South Dakota"
1199,"Mecklenburg County, North Carolina"
1200,"Mecklenburg County, Virginia"
1201,"Mecosta County, Michigan"
1202,"Medina County, Ohio"
1203,"Medina County, Texas"
1204,"Meeker County, Minnesota"
1205,"Meigs County, Ohio"
1206,"Mendocino County, California"
1207,"Merced County, California"
1208,"Mercer County, Kentucky"
1209,"Mercer County, New Jersey"
1210,"Mercer County, Ohio"
1211,"Mercer County, Pennsylvania"
1212,"Mercer County, West Virginia"
1213,"Meriwether County, Georgia"
1214,"Merrimack County, New Hampshire"
1215,"Mesa County, Colorado"
1216,"Miami County, Indiana"
1217,"Miami County, Kansas"
1218,"Miami County, Ohio"
1219,"Miami-Dade County, Florida"
1220,"Middlesex County, Connecticut"
1221,"Middlesex County, Massachusetts"
1222,"Middlesex County, New Jersey"
1223,"Midland County, Michigan"
1224,"Midland County, Texas"
1225,"Mifflin County, Pennsylvania"
1226,"Milam County, Texas"
1227,"Millard County, Utah"
1228,"Mille Lacs County, Minnesota"
1229,"Miller County, Arkansas"
1230,"Miller County, Missouri"
1231,"Mills County, Iowa"
1232,"Milwaukee County, Wisconsin"
1233,"Minidoka County, Idaho"
1234,"Minnehaha County, South Dakota"
1235,"Mississippi County, Arkansas"
1236,"Missoula County, Montana"
1237,"Mitchell County, Georgia"
1238,"Mitchell County, Texas"
1239,"Mobile County, Alabama"
1240,"Mohave County, Arizona"
1241,"Monmouth County, New Jersey"
1242,"Mono County, California"
1243,"Monongalia County, West Virginia"
1244,"Monroe County, Alabama"
1245,"Monroe County, Arkansas"
1246,"Monroe County, Florida"
1247,"Monroe County, Georgia"
1248,"Monroe County, Illinois"
1249,"Monroe County, Indiana"
1250,"Monroe County, Michigan"
1251,"Monroe County, Mississippi"
1252,"Monroe County, New York"
1253,"Monroe County, Pennsylvania"
1254,"Monroe County, Tennessee"
1255,"Monroe County, Wisconsin"
1256,"Montague County, Texas"
1257,"Montcalm County, Michigan"
1258,"Monterey County, California"
1259,"Montezuma County, Colorado"
1260,"Montgomery County, Alabama"
1261,"Montgomery County, Illinois"
1262,"Montgomery County, Indiana"
1263,"Montgomery County, Kansas"
1264,"Montgomery County, Kentucky"
1265,"Montgomery County, Maryland"
1266,"Montgomery County, Mississippi"
1267,"Montgomery County, Missouri"
1268,"Montgomery County, New York"
1269,"Montgomery County, North Carolina"
1270,"Montgomery County, Ohio"
1271,"Montgomery County, Pennsylvania"
1272,"Montgomery County, Tennessee"
1273,"Montgomery County, Texas"
1274,"Montgomery County, Virginia"
1275,"Montour County, Pennsylvania"
1276,"Montrose County, Colorado"
1277,"Moore County, North Carolina"
1278,"Moore County, Texas"
1279,"Morgan County, Alabama"
1280,"Morgan County, Colorado"
1281,"Morgan County, Georgia"
1282,"Morgan County, Illinois"
1283,"Morgan County, Indiana"
1284,"Morris County, New Jersey"
1285,"Morrison County, Minnesota"
1286,"Morrow County, Ohio"
1287,"Morton County, North Dakota"
1288,"Mountrail County, North Dakota"
1289,"Mower County, Minnesota"
1290,"Muhlenberg County, Kentucky"
1291,"Multnomah County, Oregon"
1292,"Murray County, Georgia"
1293,"Murray County, Oklahoma"
1294,"Muscatine County, Iowa"
1295,"Muscogee County, Georgia"
1296,"Muskegon County, Michigan"
1297,"Muskingum County, Ohio"
1298,"Muskogee County, Oklahoma"
1299,"Nacogdoches County, Texas"
1300,"Napa County, California"
1301,"Nash County, North Carolina"
1302,"Nassau County, Florida"
1303,"Nassau County, New York"
1304,"Natrona County, Wyoming"
1305,"Navajo County, Arizona"
1306,"Navarro County, Texas"
1307,"Nelson County, Kentucky"
1308,"Nelson County, Virginia"
1309,"Neshoba County, Mississippi"
1310,"Nevada County, California"
1311,"New Castle County, Delaware"
1312,"New Hanover County, North Carolina"
1313,"New Haven County, Connecticut"
1314,"New Kent County, Virginia"
1315,"New London County, Connecticut"
1316,"New Madrid County, Missouri"
1317,"New York County, New York"
1318,"Newaygo County, Michigan"
1319,"Newberry County, South Carolina"
1320,"Newport County, Rhode Island"
1321,"Newton County, Georgia"
1322,"Newton County, Indiana"
1323,"Newton County, Mississippi"
1324,"Newton County, Missouri"
1325,"Nez Perce County, Idaho"
1326,"Niagara County, New York"
1327,"Nicholas County, West Virginia"
1328,"Nicollet County, Minnesota"
1329,"Noble County, Indiana"
1330,"Noble County, Oklahoma"
1331,"Nobles County, Minnesota"
1332,"Nodaway County, Missouri"
1333,"Nolan County, Texas"
1334,"Norfolk County, Massachusetts"
1335,"Northampton County, North Carolina"
1336,"Northampton County, Pennsylvania"
1337,"Northumberland County, Pennsylvania"
1338,"Nottoway County, Virginia"
1339,"Nueces County, Texas"
1340,"Nye County, Nevada"
1341,"Oakland County, Michigan"
1342,"Obion County, Tennessee"
1343,"Ocean County, New Jersey"
1344,"Oceana County, Michigan"
1345,"Oconee County, Georgia"
1346,"Oconee County, South Carolina"
1347,"Oconto County, Wisconsin"
1348,"Ogle County, Illinois"
1349,"Ohio County, Kentucky"
1350,"Ohio County, West Virginia"
1351,"Okaloosa County, Florida"
1352,"Okanogan County, Washington"
1353,"Okeechobee County, Florida"
1354,"Oklahoma County, Oklahoma"
1355,"Okmulgee County, Oklahoma"
1356,"Oktibbeha County, Mississippi"
1357,"Oldham County, Kentucky"
1358,"Oldham County, Texas"
1359,"Olmsted County, Minnesota"
1360,"Oneida County, New York"
1361,"Oneida County, Wisconsin"
1362,"Onondaga County, New York"
1363,"Onslow County, North Carolina"
1364,"Ontario County, New York"
1365,"Orange County, California"
1366,"Orange County, Florida"
1367,"Orange County, New York"
1368,"Orange County, North Carolina"
1369,"Orange County, Texas"
1370,"Orange County, Vermont"
1371,"Orange County, Virginia"
1372,"Orangeburg County, South Carolina"
1373,"Orleans County, New York"
1374,"Orleans County, Vermont"
1375,"Osage County, Kansas"
1376,"Osage County, Oklahoma"
1377,"Osceola County, Florida"
1378,"Osceola County, Michigan"
1379,"Oswego County, New York"
1380,"Otero County, New Mexico"
1381,"Otoe County, Nebraska"
1382,"Otsego County, Michigan"
1383,"Otsego County, New York"
1384,"Ottawa County, Michigan"
1385,"Ottawa County, Ohio"
1386,"Ottawa County, Oklahoma"
1387,"Otter Tail County, Minnesota"
1388,"Ouachita County, Arkansas"
1389,"Outagamie County, Wisconsin"
1390,"Overton County, Tennessee"
1391,"Owen County, Indiana"
1392,"Oxford County, Maine"
1393,"Ozaukee County, Wisconsin"
1394,"Page County, Virginia"
1395,"Palm Beach County, Florida"
1396,"Palo Pinto County, Texas"
1397,"Panola County, Mississippi"
1398,"Panola County, Texas"
1399,"Park County, Colorado"
1400,"Park County, Wyoming"
1401,"Parker County, Texas"
1402,"Pasco County, Florida"
1403,"Pasquotank County, North Carolina"
1404,"Passaic County, New Jersey"
1405,"Paulding County, Georgia"
1406,"Paulding County, Ohio"
1407,"Pawnee County, Oklahoma"
1408,"Payette County, Idaho"
1409,"Payne County, Oklahoma"
1410,"Peach County, Georgia"
1411,"Pearl River County, Mississippi"
1412,"Pecos County, Texas"
1413,"Pemiscot County, Missouri"
1414,"Pender County, North Carolina"
1415,"Pennington County, South Dakota"
1416,"Penobscot County, Maine"
1417,"Peoria County, Illinois"
1418,"Perry County, Illinois"
1419,"Perry County, Kentucky"
1420,"Perry County, Missouri"
1421,"Perry County, Ohio"
1422,"Perry County, Pennsylvania"
1423,"Person County, North Carolina"
1424,"Pettis County, Missouri"
1425,"Phelps County, Missouri"
1426,"Philadelphia County, Pennsylvania"
1427,"Piatt County, Illinois"
1428,"Pickaway County, Ohio"
1429,"Pickens County, Alabama"
1430,"Pickens County, Georgia"
1431,"Pickens County, South Carolina"
1432,"Pierce County, Georgia"
1433,"Pierce County, Washington"
1434,"Pierce County, Wisconsin"
1435,"Pike County, Alabama"
1436,"Pike County, Georgia"
1437,"Pike County, Illinois"
1438,"Pike County, Kentucky"
1439,"Pike County, Mississippi"
1440,"Pike County, Ohio"
1441,"Pike County, Pennsylvania"
1442,"Pima County, Arizona"
1443,"Pinal County, Arizona"
1444,"Pine County, Minnesota"
1445,"Pinellas County, Florida"
1446,"Pitkin County, Colorado"
1447,"Pitt County, North Carolina"
1448,"Pittsburg County, Oklahoma"
1449,"Pittsylvania County, Virginia"
1450,"Placer County, California"
1451,"Platte County, Missouri"
1452,"Platte County, Nebraska"
1453,"Plymouth County, Iowa"
1454,"Plymouth County, Massachusetts"
1455,"Poinsett County, Arkansas"
1456,"Polk County, Florida"
1457,"Polk County, Georgia"
1458,"Polk County, Iowa"
1459,"Polk County, Minnesota"
1460,"Polk County, Missouri"
1461,"Polk County, North Carolina"
1462,"Polk County, Oregon"
1463,"Polk County, Texas"
1464,"Polk County, Wisconsin"
1465,"Pontotoc County, Mississippi"
1466,"Pontotoc County, Oklahoma"
1467,"Pope County, Arkansas"
1468,"Portage County, Ohio"
1469,"Portage County, Wisconsin"
1470,"Porter County, Indiana"
1471,"Posey County, Indiana"
1472,"Pottawatomie County, Kansas"
1473,"Pottawatomie County, Oklahoma"
1474,"Pottawattamie County, Iowa"
1475,"Potter County, Texas"
1476,"Poweshiek County, Iowa"
1477,"Powhatan County, Virginia"
1478,"Prairie County, Arkansas"
1479,"Preble County, Ohio"
1480,"Prentiss County, Mississippi"
1481,"Preston County, West Virginia"
1482,"Prince Edward County, Virginia"
1483,"Prince George County, Virginia"
1484,"Prince George's County, Maryland"
1485,"Prince William County, Virginia"
1486,"Providence County, Rhode Island"
1487,"Pueblo County, Colorado"
1488,"Pulaski County, Arkansas"
1489,"Pulaski County, Kentucky"
1490,"Pulaski County, Missouri"
1491,"Pulaski County, Virginia"
1492,"Putnam County, Florida"
1493,"Putnam County, Georgia"
1494,"Putnam County, Indiana"
1495,"Putnam County, New York"
1496,"Putnam County, Ohio"
1497,"Putnam County, Tennessee"
1498,"Putnam County, West Virginia"
1499,"Quay County, New Mexico"
1500,"Queen Anne's County, Maryland"
1501,"Queens County, New York"
1502,"Rabun County, Georgia"
1503,"Racine County, Wisconsin"
1504,"Rains County, Texas"
1505,"Raleigh County, West Virginia"
1506,"Ramsey County, Minnesota"
1507,"Randall County, Texas"
1508,"Randolph County, Alabama"
1509,"Randolph County, Illinois"
1510,"Randolph County, Indiana"
1511,"Randolph County, Missouri"
1512,"Randolph County, North Carolina"
1513,"Randolph County, West Virginia"
1514,"Rankin County, Mississippi"
1515,"Ravalli County, Montana"
1516,"Ray County, Missouri"
1517,"Reagan County, Texas"
1518,"Redwood County, Minnesota"
1519,"Reeves County, Texas"
1520,"Refugio County, Texas"
1521,"Reno County, Kansas"
1522,"Rensselaer County, New York"
1523,"Rhea County, Tennessee"
1524,"Rice County, Minnesota"
1525,"Richland County, North Dakota"
1526,"Richland County, Ohio"
1527,"Richland County, South Carolina"
1528,"Richmond County, Georgia"
1529,"Richmond County, New York"
1530,"Richmond County, North Carolina"
1531,"Riley County, Kansas"
1532,"Rio Arriba County, New Mexico"
1533,"Ripley County, Indiana"
1534,"Riverside County, California"
1535,"Roane County, Tennessee"
1536,"Roanoke County, Virginia"
1537,"Robertson County, Tennessee"
1538,"Robertson County, Texas"
1539,"Robeson County, North Carolina"
1540,"Rock County, Wisconsin"
1541,"Rock Island County, Illinois"
1542,"Rockbridge County, Virginia"
1543,"Rockcastle County, Kentucky"
1544,"Rockdale County, Georgia"
1545,"Rockingham County, New Hampshire"
1546,"Rockingham County, North Carolina"
1547,"Rockingham County, Virginia"
1548,"Rockland County, New York"
1549,"Rockwall County, Texas"
1550,"Rogers County, Oklahoma"
1551,"Roosevelt County, New Mexico"
1552,"Roscommon County, Michigan"
1553,"Ross County, Ohio"
1554,"Routt County, Colorado"
1555,"Rowan County, Kentucky"
1556,"Rowan County, North Carolina"
1557,"Runnels County, Texas"
1558,"Rush County, Indiana"
1559,"Rusk County, Texas"
1560,"Russell County, Alabama"
1561,"Rutherford County, North Carolina"
1562,"Rutherford County, Tennessee"
1563,"Rutland County, Vermont"
1564,"Sacramento County, California"
1565,"Sagadahoc County, Maine"
1566,"Saginaw County, Michigan"
1567,"Salem County, New Jersey"
1568,"Saline County, Arkansas"
1569,"Saline County, Illinois"
1570,"Saline County, Kansas"
1571,"Saline County, Missouri"
1572,"Salt Lake County, Utah"
1573,"Saluda County, South Carolina"
1574,"Sampson County, North Carolina"
1575,"San Benito County, California"
1576,"San Bernardino County, California"
1577,"San Diego County, California"
1578,"San Francisco County, California"
1579,"San Jacinto County, Texas"
1580,"San Joaquin County, California"
1581,"San Juan County, New Mexico"
1582,"San Luis Obispo County, California"
1583,"San Mateo County, California"
1584,"San Miguel County, Colorado"
1585,"San Miguel County, New Mexico"
1586,"San Patricio County, Texas"
1587,"Sandoval County, New Mexico"
1588,"Sandusky County, Ohio"
1589,"Sangamon County, Illinois"
1590,"Sanilac County, Michigan"
1591,"Santa Barbara County, California"
1592,"Santa Clara County, California"
1593,"Santa Cruz County, Arizona"
1594,"Santa Cruz County, California"
1595,"Santa Fe County, New Mexico"
1596,"Santa Rosa County, Florida"
1597,"Sarasota County, Florida"
1598,"Saratoga County, New York"
1599,"Sarpy County, Nebraska"
1600,"Sauk County, Wisconsin"
1601,"Saunders County, Nebraska"
1602,"Schenectady County, New York"
1603,"Schoharie County, New York"
1604,"Schuyler County, New York"
1605,"Schuylkill County, Pennsylvania"
1606,"Scioto County, Ohio"
1607,"Scotland County, North Carolina"
1608,"Scott County, Indiana"
1609,"Scott County, Iowa"
1610,"Scott County, Kentucky"
1611,"Scott County, Minnesota"
1612,"Scott County, Mississippi"
1613,"Scott County, Missouri"
1614,"Scotts Bluff County, Nebraska"
1615,"Scurry County, Texas"
1616,"Sebastian County, Arkansas"
1617,"Sedgwick County, Kansas"
1618,"Seminole County, Florida"
1619,"Seminole County, Oklahoma"
1620,"Seneca County, New York"
1621,"Seneca County, Ohio"
1622,"Sequoyah County, Oklahoma"
1623,"Sevier County, Tennessee"
1624,"Sevier County, Utah"
1625,"Seward County, Kansas"
1626,"Seward County, Nebraska"
1627,"Shasta County, California"
1628,"Shawano County, Wisconsin"
1629,"Shawnee County, Kansas"
1630,"Sheboygan County, Wisconsin"
1631,"Shelby County, Alabama"
1632,"Shelby County, Illinois"
1633,"Shelby County, Indiana"
1634,"Shelby County, Kentucky"
1635,"Shelby County, Ohio"
1636,"Shelby County, Tennessee"
1637,"Shelby County, Texas"
1638,"Shenandoah County, Virginia"
1639,"Sherburne County, Minnesota"
1640,"Sheridan County, Wyoming"
1641,"Shiawassee County, Michigan"
1642,"Silver Bow County, Montana"
1643,"Simpson County, Kentucky"
1644,"Simpson County, Mississippi"
1645,"Sioux County, Iowa"
1646,"Siskiyou County, California"
1647,"Skagit County, Washington"
1648,"Smith County, Tennessee"
1649,"Smith County, Texas"
1650,"Smyth County, Virginia"
1651,"Snohomish County, Washington"
1652,"Snyder County, Pennsylvania"
1653,"Socorro County, New Mexico"
1654,"Solano County, California"
1655,"Somerset County, Maine"
1656,"Somerset County, Maryland"
1657,"Somerset County, New Jersey"
1658,"Somerset County, Pennsylvania"
1659,"Somervell County, Texas"
1660,"Sonoma County, California"
1661,"Southampton County, Virginia"
1662,"Spalding County, Georgia"
1663,"Spartanburg County, South Carolina"
1664,"Spencer County, Indiana"
1665,"Spencer County, Kentucky"
1666,"Spokane County, Washington"
1667,"Spotsylvania County, Virginia"
1668,"St. Charles County, Missouri"
1669,"St. Clair County, Alabama"
1670,"St. Clair County, Illinois"
1671,"St. Clair County, Michigan"
1672,"St. Clair County, Missouri"
1673,"St. Croix County, Wisconsin"
1674,"St. Francis County, Arkansas"
1675,"St. Francois County, Missouri"
1676,"St. Johns County, Florida"
1677,"St. Joseph County, Indiana"
1678,"St. Joseph County, Michigan"
1679,"St. Lawrence County, New York"
1680,"St. Louis County, Minnesota"
1681,"St. Louis County, Missouri"
1682,"St. Lucie County, Florida"
1683,"St. Mary's County, Maryland"
1684,"Stafford County, Virginia"
1685,"Stanislaus County, California"
1686,"Stanly County, North Carolina"
1687,"Stark County, North Dakota"
1688,"Stark County, Ohio"
1689,"Starke County, Indiana"
1690,"Starr County, Texas"
1691,"Ste. Genevieve County, Missouri"
1692,"Stearns County, Minnesota"
1693,"Steele County, Minnesota"
1694,"Stephens County, Georgia"
1695,"Stephens County, Oklahoma"
1696,"Stephenson County, Illinois"
1697,"Steuben County, Indiana"
1698,"Steuben County, New York"
1699,"Stevens County, Washington"
1700,"Stoddard County, Missouri"
1701,"Stokes County, North Carolina"
1702,"Stone County, Mississippi"
1703,"Stone County, Missouri"
1704,"Story County, Iowa"
1705,"Strafford County, New Hampshire"
1706,"Stutsman County, North Dakota"
1707,"Suffolk County, Massachusetts"
1708,"Suffolk County, New York"
1709,"Sullivan County, Indiana"
1710,"Sullivan County, New Hampshire"
1711,"Sullivan County, New York"
1712,"Sullivan County, Tennessee"
1713,"Summit County, Colorado"
1714,"Summit County, Ohio"
1715,"Summit County, Utah"
1716,"Sumner County, Kansas"
1717,"Sumner County, Tennessee"
1718,"Sumter County, Alabama"
1719,"Sumter County, Florida"
1720,"Sumter County, Georgia"
1721,"Sumter County, South Carolina"
1722,"Sunflower County, Mississippi"
1723,"Surry County, North Carolina"
1724,"Susquehanna County, Pennsylvania"
1725,"Sussex County, Delaware"
1726,"Sussex County, New Jersey"
1727,"Sussex County, Virginia"
1728,"Sutter County, California"
1729,"Sutton County, Texas"
1730,"Suwannee County, Florida"
1731,"Swain County, North Carolina"
1732,"Sweetwater County, Wyoming"
1733,"Talbot County, Maryland"
1734,"Talladega County, Alabama"
1735,"Tallapoosa County, Alabama"
1736,"Taney County, Missouri"
1737,"Taos County, New Mexico"
1738,"Tarrant County, Texas"
1739,"Tate County, Mississippi"
1740,"Tattnall County, Georgia"
1741,"Taylor County, Florida"
1742,"Taylor County, Kentucky"
1743,"Taylor County, Texas"
1744,"Tazewell County, Illinois"
1745,"Tazewell County, Virginia"
1746,"Tehama County, California"
1747,"Teller County, Colorado"
1748,"Terry County, Texas"
1749,"Teton County, Wyoming"
1750,"Texas County, Oklahoma"
1751,"Thomas County, Georgia"
1752,"Thomas County, Kansas"
1753,"Thurston County, Washington"
1754,"Tift County, Georgia"
1755,"Tillamook County, Oregon"
1756,"Tioga County, New York"
1757,"Tioga County, Pennsylvania"
1758,"Tippah County, Mississippi"
1759,"Tippecanoe County, Indiana"
1760,"Tipton County, Indiana"
1761,"Tipton County, Tennessee"
1762,"Tishomingo County, Mississippi"
1763,"Titus County, Texas"
1764,"Todd County, Minnesota"
1765,"Tolland County, Connecticut"
1766,"Tom Green County, Texas"
1767,"Tompkins County, New York"
1768,"Tooele County, Utah"
1769,"Toombs County, Georgia"
1770,"Torrance County, New Mexico"
1771,"Transylvania County, North Carolina"
1772,"Travis County, Texas"
1773,"Trempealeau County, Wisconsin"
1774,"Trigg County, Kentucky"
1775,"Trinity County, Texas"
1776,"Troup County, Georgia"
1777,"Trumbull County, Ohio"
1778,"Tulare County, California"
1779,"Tulsa County, Oklahoma"
1780,"Tunica County, Mississippi"
1781,"Tuolumne County, California"
1782,"Turner County, Georgia"
1783,"Tuscaloosa County, Alabama"
1784,"Tuscarawas County, Ohio"
1785,"Tuscola County, Michigan"
1786,"Twiggs County, Georgia"
1787,"Twin Falls County, Idaho"
1788,"Tyler County, Texas"
1789,"Uinta County, Wyoming"
1790,"Uintah County, Utah"
1791,"Ulster County, New York"
1792,"Umatilla County, Oregon"
1793,"Union County, Arkansas"
1794,"Union County, Georgia"
1795,"Union County, Illinois"
1796,"Union County, Mississippi"
1797,"Union County, New Jersey"
1798,"Union County, North Carolina"
1799,"Union County, Ohio"
1800,"Union County, Oregon"
1801,"Union County, Pennsylvania"
1802,"Union County, South Carolina"
1803,"Union County, South Dakota"
1804,"Upshur County, Texas"
1805,"Upson County, Georgia"
1806,"Upton County, Texas"
1807,"Utah County, Utah"
1808,"Uvalde County, Texas"
1809,"Val Verde County, Texas"
1810,"Valencia County, New Mexico"
1811,"Van Buren County, Arkansas"
1812,"Van Buren County, Michigan"
1813,"Van Wert County, Ohio"
1814,"Van Zandt County, Texas"
1815,"Vance County, North Carolina"
1816,"Vanderburgh County, Indiana"
1817,"Venango County, Pennsylvania"
1818,"Ventura County, California"
1819,"Vermilion County, Illinois"
1820,"Vermillion County, Indiana"
1821,"Vernon County, Missouri"
1822,"Victoria County, Texas"
1823,"Vigo County, Indiana"
1824,"Vilas County, Wisconsin"
1825,"Volusia County, Florida"
1826,"Wabash County, Indiana"
1827,"Wabasha County, Minnesota"
1828,"Wagoner County, Oklahoma"
1829,"Wake County, North Carolina"
1830,"Wakulla County, Florida"
1831,"Waldo County, Maine"
1832,"Walker County, Alabama"
1833,"Walker County, Georgia"
1834,"Walker County, Texas"
1835,"Walla Walla County, Washington"
1836,"Waller County, Texas"
1837,"Walton County, Florida"
1838,"Walton County, Georgia"
1839,"Walworth County, Wisconsin"
1840,"Wapello County, Iowa"
1841,"Ward County, North Dakota"
1842,"Ward County, Texas"
1843,"Ware County, Georgia"
1844,"Warren County, Iowa"
1845,"Warren County, Kentucky"
1846,"Warren County, Mississippi"
1847,"Warren County, Missouri"
1848,"Warren County, New Jersey"
1849,"Warren County, New York"
1850,"Warren County, North Carolina"
1851,"Warren County, Ohio"
1852,"Warren County, Pennsylvania"
1853,"Warren County, Tennessee"
1854,"Warren County, Virginia"
1855,"Warrick County, Indiana"
1856,"Wasatch County, Utah"
1857,"Wasco County, Oregon"
1858,"Waseca County, Minnesota"
1859,"Washington County, Arkansas"
1860,"Washington County, Florida"
1861,"Washington County, Georgia"
1862,"Washington County, Illinois"
1863,"Washington County, Indiana"
1864,"Washington County, Iowa"
1865,"Washington County, Maryland"
1866,"Washington County, Minnesota"
1867,"Washington County, Mississippi"
1868,"Washington County, Nebraska"
1869,"Washington County, New York"
1870,"Washington County, Ohio"
1871,"Washington County, Oklahoma"
1872,"Washington County, Oregon"
1873,"Washington County, Pennsylvania"
1874,"Washington County, Rhode Island"
1875,"Washington County, Tennessee"
1876,"Washington County, Texas"
1877,"Washington County, Utah"
1878,"Washington County, Vermont"
1879,"Washington County, Virginia"
1880,"Washington County, Wisconsin"
1881,"Washita County, Oklahoma"
1882,"Washoe County, Nevada"
1883,"Washtenaw County, Michigan"
1884,"Watauga County, North Carolina"
1885,"Waukesha County, Wisconsin"
1886,"Waupaca County, Wisconsin"
1887,"Waushara County, Wisconsin"
1888,"Wayne County, Georgia"
1889,"Wayne County, Indiana"
1890,"Wayne County, Michigan"
1891,"Wayne County, Mississippi"
1892,"Wayne County, New York"
1893,"Wayne County, North Carolina"
1894,"Wayne County, Ohio"
1895,"Wayne County, Pennsylvania"
1896,"Wayne County, West Virginia"
1897,"Weakley County, Tennessee"
1898,"Webb County, Texas"
1899,"Weber County, Utah"
1900,"Webster County, Iowa"
1901,"Webster County, Missouri"
1902,"Weld County, Colorado"
1903,"Wells County, Indiana"
1904,"Westchester County, New York"
1905,"Westmoreland County, Pennsylvania"
1906,"Wexford County, Michigan"
1907,"Wharton County, Texas"
1908,"Whatcom County, Washington"
1909,"Wheeler County, Texas"
1910,"White County, Arkansas"
1911,"White County, Georgia"
1912,"White County, Indiana"
1913,"White County, Tennessee"
1914,"Whiteside County, Illinois"
1915,"Whitfield County, Georgia"
1916,"Whitley County, Indiana"
1917,"Whitley County, Kentucky"
1918,"Whitman County, Washington"
1919,"Wichita County, Texas"
1920,"Wicomico County, Maryland"
1921,"Wilbarger County, Texas"
1922,"Wilkes County, North Carolina"
1923,"Will County, Illinois"
1924,"Willacy County, Texas"
1925,"Williams County, North Dakota"
1926,"Williams County, Ohio"
1927,"Williamsburg County, South Carolina"
1928,"Williamson County, Illinois"
1929,"Williamson County, Tennessee"
1930,"Williamson County, Texas"
1931,"Wilson County, North Carolina"
1932,"Wilson County, Tennessee"
1933,"Wilson County, Texas"
1934,"Windham County, Connecticut"
1935,"Windham County, Vermont"
1936,"Windsor County, Vermont"
1937,"Winkler County, Texas"
1938,"Winnebago County, Illinois"
1939,"Winnebago County, Wisconsin"
1940,"Winneshiek County, Iowa"
1941,"Winona County, Minnesota"
1942,"Winston County, Alabama"
1943,"Winston County, Mississippi"
1944,"Wise County, Texas"
1945,"Wise County, Virginia"
1946,"Wood County, Ohio"
1947,"Wood County, Texas"
1948,"Wood County, West Virginia"
1949,"Wood County, Wisconsin"
1950,"Woodbury County, Iowa"
1951,"Woodford County, Illinois"
1952,"Woodford County, Kentucky"
1953,"Woodward County, Oklahoma"
1954,"Worcester County, Maryland"
1955,"Worcester County, Massachusetts"
1956,"Worth County, Georgia"
1957,"Wright County, Minnesota"
1958,"Wyandot County, Ohio"
1959,"Wyandotte County, Kansas"
1960,"Wyoming County, New York"
1961,"Wyoming County, Pennsylvania"
1962,"Wythe County, Virginia"
1963,"Yadkin County, North Carolina"
1964,"Yakima County, Washington"
1965,"Yalobusha County, Mississippi"
1966,"Yamhill County, Oregon"
1967,"Yates County, New York"
1968,"Yavapai County, Arizona"
1969,"Yazoo County, Mississippi"
1970,"Yell County, Arkansas"
1971,"Yellowstone County, Montana"
1972,"Yoakum County, Texas"
1973,"Yolo County, California"
1974,"York County, Maine"
1975,"York County, Nebraska"
1976,"York County, Pennsylvania"
1977,"York County, South Carolina"
1978,"York County, Virginia"
1979,"Young County, Texas"
1980,"Yuba County, California"
1981,"Yuma County, Arizona"
