Alabama,"42,238"
Autauga,"41,618"
Baldwin,"45,596"
Barbour,"35,199"
Bibb,"30,254"
Blount,"34,976"
Bullock,"28,797"
Butler,"36,450"
Calhoun,"37,120"
Chambers,"33,859"
Cherokee,"35,505"
Chilton,"34,798"
Choctaw,"39,280"
Clarke,"36,361"
Clay,"33,530"
Cleburne,"36,159"
Coffee,"43,094"
Colbert,"38,378"
Conecuh,"32,656"
Coosa,"31,328"
Covington,"35,651"
Crenshaw,"36,645"
Cullman,"39,607"
Dale,"36,613"
Dallas,"36,026"
DeKalb,"31,916"
Elmore,"42,269"
Escambia,"32,996"
Etowah,"36,918"
Fayette,"34,966"
Franklin,"34,318"
Geneva,"35,192"
Greene,"32,359"
Hale,"36,585"
Henry,"40,360"
Houston,"42,398"
Jackson,"36,567"
Jefferson,"54,730"
Lamar,"33,496"
Lauderdale,"37,151"
Lawrence,"34,125"
Lee,"38,036"
Limestone,"42,546"
Lowndes,"38,991"
Macon,"32,919"
Madison,"51,445"
Marengo,"39,801"
Marion,"33,264"
Marshall,"36,044"
Mobile,"38,243"
Monroe,"33,456"
Montgomery,"43,688"
Morgan,"39,991"
Perry,"30,535"
Pickens,"32,551"
Pike,"37,359"
Randolph,"32,411"
Russell,"33,104"
St. Clair,"38,569"
Shelby,"54,369"
Sumter,"31,664"
Talladega,"34,718"
Tallapoosa,"40,696"
Tuscaloosa,"38,822"
Walker,"40,197"
Washington,"36,323"
Wilcox,"32,215"
Winston,"35,430"
,
Alaska,"59,420"
Aleutians East Borough,"56,676"
Aleutians West Census Area,"54,385"
Anchorage Municipality,"66,510"
Bethel Census Area,"43,500"
Bristol Bay Borough,"143,575"
Denali Borough,"82,919"
Dillingham Census Area,"59,621"
Fairbanks North Star Borough,"56,606"
Haines Borough,"67,059"
Hoonah-Angoon Census Area,"61,752"
Juneau City and Borough,"68,145"
Kenai Peninsula Borough,"52,015"
Ketchikan Gateway Borough,"67,602"
Kodiak Island Borough,"63,938"
Kusilvak Census Area,"30,099"
Lake and Peninsula Borough,"65,414"
Matanuska-Susitna Borough,"45,897"
Nome Census Area,"51,378"
North Slope Borough,"83,489"
Northwest Arctic Borough,"47,854"
Petersburg Borough,"69,995"
Prince of Wales-Hyder Census Area,"43,707"
Sitka City and Borough,"71,972"
Skagway Municipality,"81,471"
Southeast Fairbanks Census Area,"49,398"
Valdez-Cordova Census Area,"62,307"
Wrangell City and Borough,"47,658"
Yakutat City and Borough,"58,937"
Yukon-Koyukuk Census Area,"59,010"
,
Arizona,"44,329"
Apache,"34,355"
Cochise,"40,308"
Coconino,"48,129"
Gila,"40,267"
Graham,"31,597"
Greenlee,"39,855"
La Paz,"30,948"
Maricopa,"47,694"
Mohave,"33,148"
Navajo,"32,165"
Pima,"44,028"
Pinal,"30,644"
Santa Cruz,"39,057"
Yavapai,"40,312"
Yuma,"35,682"
,
Arkansas,"43,233"
Arkansas,"45,290"
Ashley,"34,813"
Baxter,"37,106"
Benton,"88,890"
Boone,"36,089"
Bradley,"39,491"
Calhoun,"34,426"
Carroll,"33,690"
Chicot,"36,293"
Clark,"36,314"
Clay,"34,149"
Cleburne,"38,307"
Cleveland,"40,344"
Columbia,"38,749"
Conway,"38,191"
Craighead,"37,531"
Crawford,"32,952"
Crittenden,"36,978"
Cross,"35,949"
Dallas,"34,645"
Desha,"37,828"
Drew,"37,148"
Faulkner,"37,598"
Franklin,"34,275"
Fulton,"28,994"
Garland,"40,004"
Grant,"38,201"
Greene,"34,895"
Hempstead,"32,515"
Hot Spring,"30,580"
Howard,"35,292"
Independence,"35,086"
Izard,"30,608"
Jackson,"35,880"
Jefferson,"35,356"
Johnson,"28,970"
Lafayette,"36,292"
Lawrence,"35,126"
Lee,"27,619"
Lincoln,"27,002"
Little River,"34,086"
Logan,"34,490"
Lonoke,"38,764"
Madison,"35,496"
Marion,"30,743"
Miller,"33,401"
Mississippi,"31,428"
Monroe,"32,651"
Montgomery,"30,834"
Nevada,"34,180"
Newton,"28,808"
Ouachita,"36,907"
Perry,"34,877"
Phillips,"31,128"
Pike,"33,113"
Poinsett,"32,315"
Polk,"30,751"
Pope,"35,261"
Prairie,"35,935"
Pulaski,"51,185"
Randolph,"33,486"
St. Francis,"27,948"
Saline,"41,397"
Scott,"31,401"
Searcy,"28,511"
Sebastian,"42,110"
Sevier,"31,436"
Sharp,"32,012"
Stone,"31,086"
Union,"46,474"
Van Buren,"31,176"
Washington,"40,247"
White,"35,445"
Woodruff,"37,545"
Yell,"33,320"
,
California,"63,557"
Alameda,"76,644"
Alpine,"73,307"
Amador,"44,793"
Butte,"44,346"
Calaveras,"49,893"
Colusa,"49,094"
Contra Costa,"82,506"
Del Norte,"37,268"
El Dorado,"67,464"
Fresno,"43,084"
Glenn,"48,613"
Humboldt,"48,739"
Imperial,"36,974"
Inyo,"61,358"
Kern,"39,703"
Kings,"35,306"
Lake,"43,185"
Lassen,"37,844"
Los Angeles,"62,224"
Madera,"39,897"
Marin,"134,275"
Mariposa,"53,143"
Mendocino,"50,150"
Merced,"38,519"
Modoc,"44,822"
Mono,"51,325"
Monterey,"56,193"
Napa,"74,984"
Nevada,"61,799"
Orange,"69,268"
Placer,"66,700"
Plumas,"53,599"
Riverside,"40,637"
Sacramento,"52,544"
San Benito,"53,822"
San Bernardino,"40,316"
San Diego,"61,386"
San Francisco,"130,696"
San Joaquin,"44,995"
San Luis Obispo,"58,491"
San Mateo,"126,392"
Santa Barbara,"62,690"
Santa Clara,"107,877"
Santa Cruz,"69,355"
Shasta,"46,582"
Sierra,"46,615"
Siskiyou,"45,065"
Solano,"51,664"
Sonoma,"64,501"
Stanislaus,"44,120"
Sutter,"44,535"
Tehama,"42,483"
Trinity,"40,640"
Tulare,"40,420"
Tuolumne,"47,838"
Ventura,"61,712"
Yolo,"54,118"
Yuba,"40,929"
,
Colorado,"58,456"
Adams,"43,315"
Alamosa,"37,351"
Arapahoe,"60,180"
Archuleta,"41,947"
Baca,"40,968"
Bent,"27,574"
Boulder,"73,394"
Broomfield,"66,410"
Chaffee,"46,998"
Cheyenne,"56,699"
Clear Creek,"61,300"
Conejos,"36,894"
Costilla,"34,282"
Crowley,"19,141"
Custer,"41,681"
Delta,"38,855"
Denver,"79,849"
Dolores,"34,935"
Douglas,"73,662"
Eagle,"78,152"
Elbert,"57,334"
El Paso,"48,467"
Fremont,"35,435"
Garfield,"59,653"
Gilpin,"48,128"
Grand,"49,845"
Gunnison,"47,149"
Hinsdale,"50,698"
Huerfano,"42,459"
Jackson,"49,723"
Jefferson,"63,536"
Kiowa,"50,117"
Kit Carson,"37,274"
Lake,"37,106"
La Plata,"55,807"
Larimer,"54,188"
Las Animas,"40,765"
Lincoln,"28,828"
Logan,"48,161"
Mesa,"44,935"
Mineral,"71,095"
Moffat,"42,130"
Montezuma,"42,998"
Montrose,"39,930"
Morgan,"45,685"
Otero,"38,190"
Ouray,"59,639"
Park,"45,113"
Phillips,"44,399"
Pitkin,"149,207"
Prowers,"42,259"
Pueblo,"39,511"
Rio Blanco,"46,809"
Rio Grande,"46,717"
Routt,"83,702"
Saguache,"30,172"
San Juan,"44,029"
San Miguel,"85,432"
Sedgwick,"49,004"
Summit,"67,763"
Teller,"49,197"
Washington,"44,687"
Weld,"46,172"
Yuma,"50,364"
,
Connecticut,"76,456"
Fairfield,"120,630"
Hartford,"64,853"
Litchfield,"64,949"
Middlesex,"68,673"
New Haven,"56,650"
New London,"59,264"
Tolland,"56,614"
Windham,"47,264"
,
Delaware,"52,507"
Kent,"42,023"
New Castle,"56,745"
Sussex,"50,333"
,
District of Columbia,"82,005"
,
Florida,"50,070"
Alachua,"44,390"
Baker,"32,313"
Bay,"43,231"
Bradford,"33,557"
Brevard,"45,425"
Broward,"50,269"
Calhoun,"26,873"
Charlotte,"41,564"
Citrus,"37,920"
Clay,"42,909"
Collier,"92,686"
Columbia,"35,074"
DeSoto,"23,610"
Dixie,"27,956"
Duval,"46,174"
Escambia,"42,537"
Flagler,"46,220"
Franklin,"35,988"
Gadsden,"35,139"
Gilchrist,"33,774"
Glades,"24,467"
Gulf,"35,701"
Hamilton,"26,016"
Hardee,"28,285"
Hendry,"31,071"
Hernando,"36,878"
Highlands,"33,453"
Hillsborough,"47,000"
Holmes,"30,468"
Indian River,"76,059"
Jackson,"32,106"
Jefferson,"40,736"
Lafayette,"24,148"
Lake,"42,190"
Lee,"51,266"
Leon,"44,482"
Levy,"35,204"
Liberty,"23,582"
Madison,"31,675"
Manatee,"47,378"
Marion,"36,997"
Martin,"83,873"
Miami-Dade,"50,022"
Monroe,"92,119"
Nassau,"57,877"
Okaloosa,"48,875"
Okeechobee,"30,661"
Orange,"44,647"
Osceola,"33,346"
Palm Beach,"79,760"
Pasco,"40,313"
Pinellas,"53,455"
Polk,"35,463"
Putnam,"31,773"
St. Johns,"68,149"
St. Lucie,"39,374"
Santa Rosa,"44,527"
Sarasota,"64,868"
Seminole,"49,049"
Sumter,"46,100"
Suwannee,"33,068"
Taylor,"30,346"
Union,"22,227"
Volusia,"42,374"
Wakulla,"37,026"
Walton,"59,728"
Washington,"29,414"
,
Georgia,"46,482"
Appling,"33,268"
Atkinson,"30,511"
Bacon,"33,080"
Baker,"38,666"
Baldwin,"33,203"
Banks,"36,276"
Barrow,"36,898"
Bartow,"38,298"
Ben Hill,"31,436"
Berrien,"31,535"
Bibb,"41,709"
Bleckley,"33,672"
Brantley,"27,413"
Brooks,"34,944"
Bryan,"52,456"
Bulloch,"32,382"
Burke,"35,524"
Butts,"34,297"
Calhoun,"24,638"
Camden,"36,113"
Candler,"31,385"
Carroll,"38,571"
Catoosa,"35,158"
Charlton,"24,976"
Chatham,"47,563"
Chattahoochee,"31,115"
Chattooga,"30,946"
Cherokee,"51,137"
Clarke,"33,970"
Clay,"31,520"
Clayton,"28,020"
Clinch,"37,548"
Cobb,"57,162"
Coffee,"32,644"
Colquitt,"32,526"
Columbia,"49,473"
Cook,"32,524"
Coweta,"46,438"
Crawford,"33,784"
Crisp,"32,540"
Dade,"35,640"
Dawson,"45,201"
Decatur,"36,150"
DeKalb,"50,871"
Dodge,"30,682"
Dooly,"28,297"
Dougherty,"34,744"
Douglas,"35,230"
Early,"38,945"
Echols,"27,880"
Effingham,"41,942"
Elbert,"35,448"
Emanuel,"32,187"
Evans,"35,212"
Fannin,"35,727"
Fayette,"63,515"
Floyd,"38,524"
Forsyth,"62,580"
Franklin,"36,672"
Fulton,"84,386"
Gilmer,"35,419"
Glascock,"33,931"
Glynn,"46,073"
Gordon,"36,947"
Grady,"34,899"
Greene,"55,396"
Gwinnett,"41,458"
Habersham,"33,925"
Hall,"43,701"
Hancock,"29,917"
Haralson,"36,508"
Harris,"47,469"
Hart,"38,125"
Heard,"31,144"
Henry,"39,184"
Houston,"42,625"
Irwin,"32,824"
Jackson,"42,211"
Jasper,"40,606"
Jeff Davis,"29,943"
Jefferson,"34,034"
Jenkins,"29,250"
Johnson,"26,195"
Jones,"37,618"
Lamar,"33,079"
Lanier,"27,561"
Laurens,"37,372"
Lee,"47,258"
Liberty,"35,805"
Lincoln,"37,333"
Long,"27,071"
Lowndes,"37,443"
Lumpkin,"37,427"
McDuffie,"36,982"
McIntosh,"29,519"
Macon,"31,028"
Madison,"36,557"
Marion,"29,333"
Meriwether,"34,847"
Miller,"40,826"
Mitchell,"35,069"
Monroe,"44,790"
Montgomery,"29,408"
Morgan,"50,541"
Murray,"29,968"
Muscogee,"44,149"
Newton,"33,750"
Oconee,"66,740"
Oglethorpe,"37,709"
Paulding,"37,727"
Peach,"38,066"
Pickens,"47,887"
Pierce,"36,065"
Pike,"39,851"
Polk,"32,368"
Pulaski,"30,358"
Putnam,"41,839"
Quitman,"30,902"
Rabun,"41,128"
Randolph,"33,238"
Richmond,"38,196"
Rockdale,"35,244"
Schley,"30,931"
Screven,"35,010"
Seminole,"40,217"
Spalding,"34,772"
Stephens,"38,915"
Stewart,"22,771"
Sumter,"35,847"
Talbot,"34,504"
Taliaferro,"33,927"
Tattnall,"28,406"
Taylor,"30,141"
Telfair,"20,923"
Terrell,"40,325"
Thomas,"44,355"
Tift,"37,805"
Toombs,"35,517"
Towns,"37,858"
Treutlen,"30,119"
Troup,"36,476"
Turner,"34,396"
Twiggs,"39,530"
Union,"36,581"
Upson,"35,133"
Walker,"32,826"
Walton,"40,458"
Ware,"33,906"
Warren,"34,598"
Washington,"35,296"
Wayne,"31,954"
Webster,"33,109"
Wheeler,"19,631"
White,"34,961"
Whitfield,"38,752"
Wilcox,"26,712"
Wilkes,"39,472"
Wilkinson,"35,204"
Worth,"34,380"
,
Hawaii,"55,418"
Hawaii,"42,449"
Honolulu,"59,608"
Kauai,"49,416"
Maui + Kalawao,"49,040"
,
Idaho,"43,901"
Ada,"52,958"
Adams,"37,452"
Bannock,"38,160"
Bear Lake,"38,493"
Benewah,"37,383"
Bingham,"36,335"
Blaine,"113,780"
Boise,"43,392"
Bonner,"41,209"
Bonneville,"48,287"
Boundary,"36,934"
Butte,"38,961"
Camas,"38,600"
Canyon,"32,680"
Caribou,"39,146"
Cassia,"45,220"
Clark,"39,408"
Clearwater,"34,506"
Custer,"43,185"
Elmore,"36,855"
Franklin,"36,064"
Fremont (includes Yellowstone National Park),"36,908"
Gem,"37,796"
Gooding,"52,875"
Idaho,"35,122"
Jefferson,"34,900"
Jerome,"38,184"
Kootenai,"44,987"
Latah,"41,341"
Lemhi,"41,565"
Lewis,"47,267"
Lincoln,"34,821"
Madison,"26,407"
Minidoka,"38,159"
Nez Perce,"44,397"
Oneida,"35,234"
Owyhee,"33,372"
Payette,"38,933"
Power,"36,667"
Shoshone,"35,537"
Teton,"39,858"
Twin Falls,"39,623"
Valley,"49,630"
Washington,"36,225"
,
Illinois,"56,839"
Adams,"46,886"
Alexander,"34,713"
Bond,"37,653"
Boone,"47,437"
Brown,"35,166"
Bureau,"43,931"
Calhoun,"42,511"
Carroll,"42,399"
Cass,"42,649"
Champaign,"45,328"
Christian,"41,724"
Clark,"43,012"
Clay,"40,351"
Clinton,"48,253"
Coles,"40,995"
Cook,"62,205"
Crawford,"48,332"
Cumberland,"43,778"
DeKalb,"40,929"
De Witt,"47,205"
Douglas,"51,537"
DuPage,"72,889"
Edgar,"42,184"
Edwards,"40,331"
Effingham,"50,599"
Fayette,"35,456"
Ford,"52,879"
Franklin,"37,355"
Fulton,"38,361"
Gallatin,"44,602"
Greene,"36,912"
Grundy,"51,657"
Hamilton,"43,349"
Hancock,"46,081"
Hardin,"37,155"
Henderson,"41,951"
Henry,"45,072"
Iroquois,"43,258"
Jackson,"37,284"
Jasper,"45,961"
Jefferson,"39,581"
Jersey,"41,522"
Jo Daviess,"49,061"
Johnson,"35,956"
Kane,"51,333"
Kankakee,"41,290"
Kendall,"49,033"
Knox,"39,471"
Lake,"78,559"
LaSalle,"44,632"
Lawrence,"29,911"
Lee,"41,788"
Livingston,"44,775"
Logan,"38,339"
McDonough,"38,692"
McHenry,"55,720"
McLean,"49,180"
Macon,"48,214"
Macoupin,"41,607"
Madison,"46,890"
Marion,"43,059"
Marshall,"46,015"
Mason,"42,510"
Massac,"38,360"
Menard,"47,233"
Mercer,"45,046"
Monroe,"58,686"
Montgomery,"37,717"
Morgan,"41,359"
Moultrie,"62,718"
Ogle,"46,755"
Peoria,"51,135"
Perry,"38,369"
Piatt,"54,258"
Pike,"42,768"
Pope,"30,306"
Pulaski,"36,146"
Putnam,"58,869"
Randolph,"36,905"
Richland,"42,555"
Rock Island,"44,802"
St. Clair,"45,061"
Saline,"39,687"
Sangamon,"48,891"
Schuyler,"44,200"
Scott,"42,720"
Shelby,"41,512"
Stark,"42,877"
Stephenson,"42,722"
Tazewell,"47,862"
Union,"42,760"
Vermilion,"39,481"
Wabash,"43,571"
Warren,"41,274"
Washington,"51,144"
Wayne,"41,164"
White,"49,605"
Whiteside,"44,016"
Will,"52,953"
Williamson,"44,509"
Winnebago,"43,742"
Woodford,"52,928"
,
Indiana,"47,149"
Adams,"39,167"
Allen,"46,288"
Bartholomew,"49,922"
Benton,"42,775"
Blackford,"37,677"
Boone,"73,531"
Brown,"46,785"
Carroll,"44,201"
Cass,"38,788"
Clark,"43,763"
Clay,"38,615"
Clinton,"39,172"
Crawford,"33,483"
Daviess,"42,064"
Dearborn,"47,454"
Decatur,"42,733"
DeKalb,"44,069"
Delaware,"37,201"
Dubois,"56,488"
Elkhart,"46,816"
Fayette,"40,939"
Floyd,"55,480"
Fountain,"41,010"
Franklin,"46,629"
Fulton,"41,437"
Gibson,"45,385"
Grant,"40,444"
Greene,"39,840"
Hamilton,"74,717"
Hancock,"50,422"
Harrison,"41,862"
Hendricks,"49,641"
Henry,"38,336"
Howard,"41,842"
Huntington,"42,292"
Jackson,"42,722"
Jasper,"43,293"
Jay,"39,321"
Jefferson,"41,981"
Jennings,"38,959"
Johnson,"48,332"
Knox,"44,626"
Kosciusko,"47,799"
Lagrange,"42,146"
Lake,"45,172"
LaPorte,"42,527"
Lawrence,"40,614"
Madison,"38,172"
Marion,"51,940"
Marshall,"41,329"
Martin,"39,941"
Miami,"35,039"
Monroe,"42,212"
Montgomery,"40,056"
Morgan,"44,183"
Newton,"39,818"
Noble,"39,798"
Ohio,"40,714"
Orange,"38,124"
Owen,"40,081"
Parke,"36,345"
Perry,"37,851"
Pike,"40,714"
Porter,"53,130"
Posey,"48,180"
Pulaski,"43,522"
Putnam,"37,479"
Randolph,"38,491"
Ripley,"41,817"
Rush,"46,945"
St. Joseph,"47,673"
Scott,"37,475"
Shelby,"43,854"
Spencer,"43,971"
Starke,"35,347"
Steuben,"43,231"
Sullivan,"35,181"
Switzerland,"30,827"
Tippecanoe,"39,169"
Tipton,"46,610"
Union,"38,998"
Vanderburgh,"45,893"
Vermillion,"39,411"
Vigo,"38,970"
Wabash,"43,820"
Warren,"45,419"
Warrick,"56,476"
Washington,"38,123"
Wayne,"41,505"
Wells,"42,730"
White,"43,852"
Whitley,"44,528"
,
Iowa,"50,124"
Adair,"51,989"
Adams,"66,319"
Allamakee,"45,745"
Appanoose,"38,478"
Audubon,"48,279"
Benton,"53,994"
Black Hawk,"44,764"
Boone,"49,606"
Bremer,"49,405"
Buchanan,"46,491"
Buena Vista,"50,000"
Butler,"49,863"
Calhoun,"51,217"
Carroll,"54,456"
Cass,"48,327"
Cedar,"53,356"
Cerro Gordo,"53,342"
Cherokee,"62,827"
Chickasaw,"58,354"
Clarke,"43,888"
Clay,"51,876"
Clayton,"50,371"
Clinton,"44,244"
Crawford,"41,765"
Dallas,"66,128"
Davis,"36,921"
Decatur,"35,908"
Delaware,"51,998"
Des Moines,"50,515"
Dickinson,"58,592"
Dubuque,"49,085"
Emmet,"43,501"
Fayette,"44,263"
Floyd,"46,560"
Franklin,"51,971"
Fremont,"45,399"
Greene,"48,356"
Grundy,"53,270"
Guthrie,"52,694"
Hamilton,"53,071"
Hancock,"54,791"
Hardin,"52,677"
Harrison,"44,895"
Henry,"43,223"
Howard,"48,232"
Humboldt,"50,201"
Ida,"52,758"
Iowa,"55,204"
Jackson,"45,167"
Jasper,"43,551"
Jefferson,"42,320"
Johnson,"52,672"
Jones,"43,652"
Keokuk,"44,509"
Kossuth,"52,992"
Lee,"42,174"
Linn,"52,743"
Louisa,"41,038"
Lucas,"42,126"
Lyon,"60,892"
Madison,"49,505"
Mahaska,"43,914"
Marion,"48,956"
Marshall,"43,652"
Mills,"56,647"
Mitchell,"63,318"
Monona,"48,118"
Monroe,"43,833"
Montgomery,"42,280"
Muscatine,"47,553"
O'Brien,"59,835"
Osceola,"57,164"
Page,"41,629"
Palo Alto,"53,056"
Plymouth,"57,589"
Pocahontas,"52,699"
Polk,"53,215"
Pottawattamie,"45,604"
Poweshiek,"46,950"
Ringgold,"45,714"
Sac,"56,931"
Scott,"54,323"
Shelby,"50,834"
Sioux,"56,029"
Story,"41,885"
Tama,"46,483"
Taylor,"41,585"
Union,"40,494"
Van Buren,"41,378"
Wapello,"39,002"
Warren,"50,698"
Washington,"57,438"
Wayne,"43,981"
Webster,"45,496"
Winnebago,"44,528"
Winneshiek,"50,175"
Woodbury,"43,988"
Worth,"42,321"
Wright,"56,451"
,
Kansas,"51,471"
Allen,"40,218"
Anderson,"38,539"
Atchison,"37,436"
Barber,"42,497"
Barton,"48,036"
Bourbon,"42,697"
Brown,"43,023"
Butler,"46,157"
Chase,"46,385"
Chautauqua,"40,661"
Cherokee,"39,645"
Cheyenne,"47,268"
Clark,"62,654"
Clay,"42,069"
Cloud,"38,144"
Coffey,"54,074"
Comanche,"45,954"
Cowley,"38,707"
Crawford,"37,921"
Decatur,"46,614"
Dickinson,"40,582"
Doniphan,"37,405"
Douglas,"43,642"
Edwards,"52,165"
Elk,"40,899"
Ellis,"46,465"
Ellsworth,"43,316"
Finney,"43,172"
Ford,"38,962"
Franklin,"42,383"
Geary,"48,907"
Gove,"58,539"
Graham,"49,624"
Grant,"46,591"
Gray,"66,429"
Greeley,"59,191"
Greenwood,"42,708"
Hamilton,"63,834"
Harper,"47,024"
Harvey,"42,057"
Haskell,"52,783"
Hodgeman,"49,176"
Jackson,"41,686"
Jefferson,"44,480"
Jewell,"48,428"
Johnson,"74,010"
Kearny,"56,466"
Kingman,"42,572"
Kiowa,"44,262"
Labette,"42,127"
Lane,"93,628"
Leavenworth,"42,851"
Lincoln,"41,574"
Linn,"37,267"
Logan,"47,852"
Lyon,"38,297"
McPherson,"51,016"
Marion,"41,410"
Marshall,"45,766"
Meade,"64,262"
Miami,"48,748"
Mitchell,"54,694"
Montgomery,"37,576"
Morris,"42,424"
Morton,"43,644"
Nemaha,"54,111"
Neosho,"39,485"
Ness,"57,310"
Norton,"42,080"
Osage,"40,102"
Osborne,"46,018"
Ottawa,"41,201"
Pawnee,"39,223"
Phillips,"51,320"
Pottawatomie,"52,564"
Pratt,"47,327"
Rawlins,"55,821"
Reno,"41,111"
Republic,"44,273"
Rice,"42,788"
Riley,"42,566"
Rooks,"42,363"
Rush,"44,302"
Russell,"44,443"
Saline,"49,983"
Scott,"69,254"
Sedgwick,"53,776"
Seward,"38,621"
Shawnee,"46,861"
Sheridan,"50,706"
Sherman,"45,156"
Smith,"45,484"
Stafford,"44,534"
Stanton,"63,897"
Stevens,"38,970"
Sumner,"40,027"
Thomas,"45,671"
Trego,"50,889"
Wabaunsee,"50,534"
Wallace,"56,954"
Washington,"45,181"
Wichita,"70,142"
Wilson,"43,433"
Woodson,"35,561"
Wyandotte,"33,315"
,
Kentucky,"42,458"
Adair,"31,288"
Allen,"32,643"
Anderson,"39,321"
Ballard,"37,939"
Barren,"36,633"
Bath,"30,496"
Bell,"29,612"
Boone,"48,004"
Bourbon,"44,388"
Boyd,"39,746"
Boyle,"37,780"
Bracken,"36,758"
Breathitt,"33,753"
Breckinridge,"34,461"
Bullitt,"40,935"
Butler,"34,420"
Caldwell,"35,066"
Calloway,"35,722"
Campbell,"49,015"
Carlisle,"43,860"
Carroll,"36,349"
Carter,"30,847"
Casey,"31,205"
Christian,"37,742"
Clark,"39,848"
Clay,"30,566"
Clinton,"31,308"
Crittenden,"35,325"
Cumberland,"35,549"
Daviess,"41,754"
Edmonson,"32,253"
Elliott,"22,481"
Estill,"31,555"
Fayette,"50,180"
Fleming,"33,537"
Floyd,"36,976"
Franklin,"41,760"
Fulton,"33,715"
Gallatin,"32,065"
Garrard,"34,363"
Grant,"36,093"
Graves,"38,130"
Grayson,"33,580"
Green,"34,570"
Greenup,"40,933"
Hancock,"36,929"
Hardin,"43,424"
Harlan,"30,877"
Harrison,"34,889"
Hart,"32,133"
Henderson,"39,891"
Henry,"37,981"
Hickman,"44,912"
Hopkins,"39,236"
Jackson,"28,352"
Jefferson,"51,937"
Jessamine,"43,470"
Johnson,"32,986"
Kenton,"57,982"
Knott,"30,118"
Knox,"29,431"
Larue,"36,525"
Laurel,"33,921"
Lawrence,"31,654"
Lee,"30,157"
Leslie,"32,724"
Letcher,"30,852"
Lewis,"31,156"
Lincoln,"31,399"
Livingston,"37,792"
Logan,"36,005"
Lyon,"36,652"
McCracken,"48,383"
McCreary,"25,835"
McLean,"41,603"
Madison,"35,397"
Magoffin,"30,537"
Marion,"36,083"
Marshall,"41,625"
Martin,"29,840"
Mason,"40,541"
Meade,"40,026"
Menifee,"30,305"
Mercer,"37,146"
Metcalfe,"31,512"
Monroe,"36,385"
Montgomery,"34,751"
Morgan,"26,831"
Muhlenberg,"33,892"
Nelson,"42,442"
Nicholas,"33,999"
Ohio,"33,262"
Oldham,"63,039"
Owen,"33,940"
Owsley,"31,486"
Pendleton,"43,757"
Perry,"38,523"
Pike,"36,319"
Powell,"31,498"
Pulaski,"37,024"
Robertson,"32,815"
Rockcastle,"31,176"
Rowan,"30,777"
Russell,"34,343"
Scott,"43,409"
Shelby,"45,392"
Simpson,"38,189"
Spencer,"43,960"
Taylor,"35,020"
Todd,"38,508"
Trigg,"36,495"
Trimble,"36,565"
Union,"33,736"
Warren,"38,045"
Washington,"37,824"
Wayne,"28,484"
Webster,"39,188"
Whitley,"33,447"
Wolfe,"31,083"
Woodford,"51,753"
,
Louisiana,"46,242"
Acadia,"37,304"
Allen,"33,381"
Ascension,"49,829"
Assumption,"46,788"
Avoyelles,"37,911"
Beauregard,"42,782"
Bienville,"38,493"
Bossier,"44,149"
Caddo,"48,413"
Calcasieu,"48,968"
Caldwell,"33,950"
Cameron,"50,280"
Catahoula,"33,655"
Claiborne,"35,240"
Concordia,"32,942"
De Soto,"40,584"
East Baton Rouge,"51,386"
East Carroll,"36,010"
East Feliciana,"42,771"
Evangeline,"33,671"
Franklin,"31,928"
Grant,"31,828"
Iberia,"39,270"
Iberville,"41,423"
Jackson,"34,116"
Jefferson,"51,005"
Jefferson Davis,"42,334"
Lafayette,"50,273"
Lafourche,"47,096"
LaSalle,"32,413"
Lincoln,"40,410"
Livingston,"40,658"
Madison,"32,437"
Morehouse,"38,495"
Natchitoches,"39,860"
Orleans,"52,004"
Ouachita,"41,053"
Plaquemines,"49,376"
Pointe Coupee,"44,366"
Rapides,"46,090"
Red River,"42,201"
Richland,"37,330"
Sabine,"34,558"
St. Bernard,"32,130"
St. Charles,"49,353"
St. Helena,"41,592"
St. James,"48,484"
St. John the Baptist,"40,573"
St. Landry,"41,191"
St. Martin,"37,645"
St. Mary,"39,280"
St. Tammany,"62,366"
Tangipahoa,"38,974"
Tensas,"36,630"
Terrebonne,"41,504"
Union,"38,794"
Vermilion,"39,042"
Vernon,"40,729"
Washington,"33,480"
Webster,"40,175"
West Baton Rouge,"46,976"
West Carroll,"36,633"
West Feliciana,"38,655"
Winn,"36,698"
,
Maine,"48,905"
Androscoggin,"41,528"
Aroostook,"41,241"
Cumberland,"62,523"
Franklin,"38,544"
Hancock,"51,259"
Kennebec,"44,940"
Knox,"52,358"
Lincoln,"50,922"
Oxford,"37,999"
Penobscot,"42,053"
Piscataquis,"38,427"
Sagadahoc,"51,325"
Somerset,"38,142"
Waldo,"40,912"
Washington,"40,378"
York,"52,068"
,
Maryland,"63,354"
Allegany,"40,517"
Anne Arundel,"67,363"
Baltimore,"61,556"
Calvert,"62,591"
Caroline,"45,906"
Carroll,"63,039"
Cecil,"47,695"
Charles,"57,051"
Dorchester,"46,562"
Frederick,"61,869"
Garrett,"45,595"
Harford,"58,841"
Howard,"78,416"
Kent,"61,497"
Montgomery,"89,690"
Prince George's,"49,420"
Queen Anne's,"64,810"
St. Mary's,"56,820"
Somerset,"31,562"
Talbot,"73,232"
Washington,"47,092"
Wicomico,"42,054"
Worcester,"60,007"
Baltimore City,"51,357"
,
Massachusetts,"71,683"
Barnstable,"74,756"
Berkshire,"56,503"
Bristol,"54,089"
Dukes,"93,726"
Essex,"67,507"
Franklin,"54,689"
Hampden,"51,187"
Hampshire,"52,984"
Middlesex,"83,795"
Nantucket,"124,168"
Norfolk,"92,285"
Plymouth,"67,505"
Suffolk,"81,152"
Worcester,"57,003"
,
Michigan,"48,423"
Alcona,"38,375"
Alger,"33,767"
Allegan,"45,182"
Alpena,"40,985"
Antrim,"47,070"
Arenac,"37,369"
Baraga,"33,519"
Barry,"44,919"
Bay,"41,722"
Benzie,"43,557"
Berrien,"47,430"
Branch,"37,622"
Calhoun,"40,276"
Cass,"44,994"
Charlevoix,"52,885"
Cheboygan,"40,080"
Chippewa,"34,269"
Clare,"34,120"
Clinton,"46,518"
Crawford,"34,648"
Delta,"40,551"
Dickinson,"49,397"
Eaton,"42,693"
Emmet,"57,115"
Genesee,"41,068"
Gladwin,"36,874"
Gogebic,"39,945"
Grand Traverse,"50,639"
Gratiot,"37,834"
Hillsdale,"36,598"
Houghton,"37,674"
Huron,"45,425"
Ingham,"40,761"
Ionia,"35,273"
Iosco,"37,970"
Iron,"44,959"
Isabella,"35,501"
Jackson,"39,832"
Kalamazoo,"48,723"
Kalkaska,"34,623"
Kent,"53,935"
Keweenaw,"47,618"
Lake,"31,813"
Lapeer,"43,679"
Leelanau,"67,320"
Lenawee,"39,600"
Livingston,"58,326"
Luce,"31,827"
Mackinac,"44,457"
Macomb,"46,530"
Manistee,"38,814"
Marquette,"40,036"
Mason,"41,667"
Mecosta,"34,252"
Menominee,"43,594"
Midland,"60,467"
Missaukee,"34,972"
Monroe,"47,496"
Montcalm,"34,972"
Montmorency,"37,363"
Muskegon,"39,072"
Newaygo,"38,037"
Oakland,"72,741"
Oceana,"37,950"
Ogemaw,"35,396"
Ontonagon,"40,129"
Osceola,"36,023"
Oscoda,"33,896"
Otsego,"40,589"
Ottawa,"49,418"
Presque Isle,"39,004"
Roscommon,"37,141"
Saginaw,"38,754"
St. Clair,"44,316"
St. Joseph,"38,866"
Sanilac,"38,004"
Schoolcraft,"39,948"
Shiawassee,"39,435"
Tuscola,"37,979"
Van Buren,"41,123"
Washtenaw,"59,363"
Wayne,"42,942"
Wexford,"36,454"
,
Minnesota,"57,515"
Aitkin,"39,780"
Anoka,"51,258"
Becker,"47,272"
Beltrami,"41,565"
Benton,"43,830"
Big Stone,"57,221"
Blue Earth,"44,383"
Brown,"52,995"
Carlton,"43,098"
Carver,"71,350"
Cass,"47,443"
Chippewa,"49,836"
Chisago,"48,750"
Clay,"43,180"
Clearwater,"44,001"
Cook,"55,319"
Cottonwood,"47,982"
Crow Wing,"45,610"
Dakota,"60,651"
Dodge,"47,984"
Douglas,"53,665"
Faribault,"43,343"
Fillmore,"45,378"
Freeborn,"45,808"
Goodhue,"53,549"
Grant,"52,556"
Hennepin,"74,698"
Houston,"52,354"
Hubbard,"43,235"
Isanti,"44,049"
Itasca,"43,685"
Jackson,"53,276"
Kanabec,"42,509"
Kandiyohi,"54,667"
Kittson,"55,597"
Koochiching,"41,890"
Lac qui Parle,"55,688"
Lake,"48,132"
Lake of the Woods,"57,357"
Le Sueur,"48,799"
Lincoln,"48,520"
Lyon,"49,455"
McLeod,"49,136"
Mahnomen,"36,950"
Marshall,"51,509"
Martin,"50,083"
Meeker,"43,944"
Mille Lacs,"41,582"
Morrison,"42,568"
Mower,"48,423"
Murray,"54,825"
Nicollet,"49,605"
Nobles,"45,100"
Norman,"44,254"
Olmsted,"58,554"
Otter Tail,"48,275"
Pennington,"55,399"
Pine,"37,067"
Pipestone,"58,004"
Polk,"48,820"
Pope,"52,091"
Ramsey,"54,934"
Red Lake,"51,750"
Redwood,"49,732"
Renville,"51,432"
Rice,"44,096"
Rock,"51,956"
Roseau,"51,307"
St. Louis,"47,417"
Scott,"59,687"
Sherburne,"47,031"
Sibley,"46,632"
Stearns,"47,196"
Steele,"47,604"
Stevens,"49,913"
Swift,"51,320"
Todd,"42,005"
Traverse,"61,255"
Wabasha,"48,724"
Wadena,"39,746"
Waseca,"44,556"
Washington,"67,928"
Watonwan,"42,979"
Wilkin,"59,516"
Winona,"50,036"
Wright,"50,181"
Yellow Medicine,"57,186"
,
Mississippi,"37,834"
Adams,"33,880"
Alcorn,"36,003"
Amite,"33,460"
Attala,"33,809"
Benton,"30,285"
Bolivar,"38,213"
Calhoun,"33,043"
Carroll,"37,615"
Chickasaw,"34,805"
Choctaw,"33,646"
Claiborne,"31,494"
Clarke,"36,431"
Clay,"39,191"
Coahoma,"33,915"
Copiah,"33,203"
Covington,"35,748"
DeSoto,"40,702"
Forrest,"38,880"
Franklin,"33,970"
George,"32,529"
Greene,"28,716"
Grenada,"35,632"
Hancock,"35,262"
Harrison,"37,303"
Hinds,"39,311"
Holmes,"28,371"
Humphreys,"31,864"
Issaquena,"18,541"
Itawamba,"34,734"
Jackson,"37,499"
Jasper,"37,281"
Jefferson,"33,098"
Jefferson Davis,"30,097"
Jones,"38,122"
Kemper,"29,287"
Lafayette,"42,110"
Lamar,"40,529"
Lauderdale,"37,959"
Lawrence,"34,616"
Leake,"31,436"
Lee,"41,934"
Leflore,"36,399"
Lincoln,"38,682"
Lowndes,"38,498"
Madison,"64,033"
Marion,"34,526"
Marshall,"32,341"
Monroe,"34,664"
Montgomery,"34,180"
Neshoba,"36,604"
Newton,"34,645"
Noxubee,"32,805"
Oktibbeha,"34,367"
Panola,"32,496"
Pearl River,"36,230"
Perry,"31,934"
Pike,"31,048"
Pontotoc,"32,996"
Prentiss,"30,743"
Quitman,"27,088"
Rankin,"44,661"
Scott,"32,095"
Sharkey,"32,070"
Simpson,"37,036"
Smith,"35,791"
Stone,"31,516"
Sunflower,"30,859"
Tallahatchie,"27,757"
Tate,"35,182"
Tippah,"33,919"
Tishomingo,"33,559"
Tunica,"32,425"
Union,"32,242"
Walthall,"31,757"
Warren,"39,580"
Washington,"37,568"
Wayne,"34,775"
Webster,"38,464"
Wilkinson,"29,413"
Winston,"35,742"
Yalobusha,"36,729"
Yazoo,"27,275"
,
Missouri,"47,746"
Adair,"33,578"
Andrew,"45,118"
Atchison,"42,633"
Audrain,"40,111"
Barry,"34,540"
Barton,"35,884"
Bates,"38,864"
Benton,"35,973"
Bollinger,"32,454"
Boone,"47,687"
Buchanan,"39,810"
Butler,"35,302"
Caldwell,"37,301"
Callaway,"38,686"
Camden,"38,794"
Cape Girardeau,"46,314"
Carroll,"45,110"
Carter,"32,045"
Cass,"47,151"
Cedar,"31,664"
Chariton,"42,227"
Christian,"40,301"
Clark,"34,516"
Clay,"48,381"
Clinton,"42,988"
Cole,"47,790"
Cooper,"38,916"
Crawford,"36,090"
Dade,"34,181"
Dallas,"33,184"
Daviess,"34,491"
DeKalb,"28,294"
Dent,"33,231"
Douglas,"28,305"
Dunklin,"34,129"
Franklin,"45,719"
Gasconade,"40,316"
Gentry,"41,470"
Greene,"44,837"
Grundy,"34,723"
Harrison,"38,274"
Henry,"43,018"
Hickory,"27,787"
Holt,"45,259"
Howard,"38,796"
Howell,"34,055"
Iron,"34,164"
Jackson,"47,054"
Jasper,"39,973"
Jefferson,"42,780"
Johnson,"36,777"
Knox,"32,711"
Laclede,"36,558"
Lafayette,"42,119"
Lawrence,"34,301"
Lewis,"35,249"
Lincoln,"40,788"
Linn,"40,356"
Livingston,"39,805"
McDonald,"28,018"
Macon,"42,414"
Madison,"36,865"
Maries,"33,348"
Marion,"41,068"
Mercer,"32,388"
Miller,"35,547"
Mississippi,"32,216"
Moniteau,"37,533"
Monroe,"42,672"
Montgomery,"40,396"
Morgan,"42,873"
New Madrid,"33,869"
Newton,"39,334"
Nodaway,"31,013"
Oregon,"28,722"
Osage,"45,582"
Ozark,"30,043"
Pemiscot,"32,811"
Perry,"41,321"
Pettis,"37,763"
Phelps,"39,132"
Pike,"34,828"
Platte,"58,878"
Polk,"33,703"
Pulaski,"40,512"
Putnam,"33,945"
Ralls,"40,698"
Randolph,"39,903"
Ray,"42,305"
Reynolds,"35,034"
Ripley,"30,437"
St. Charles,"53,745"
St. Clair,"29,830"
Ste. Genevieve,"41,822"
St. Francois,"34,485"
St. Louis,"71,360"
Saline,"38,580"
Schuyler,"29,013"
Scotland,"33,262"
Scott,"40,221"
Shannon,"30,503"
Shelby,"40,356"
Stoddard,"37,020"
Stone,"38,900"
Sullivan,"37,649"
Taney,"35,956"
Texas,"28,169"
Vernon,"35,930"
Warren,"41,674"
Washington,"29,606"
Wayne,"29,581"
Webster,"32,589"
Worth,"35,573"
Wright,"32,178"
St. Louis City,"47,643"
,
Montana,"47,538"
Beaverhead,"44,664"
Big Horn,"30,533"
Blaine,"31,263"
Broadwater,"39,306"
Carbon,"47,442"
Carter,"44,358"
Cascade,"47,518"
Chouteau,"37,340"
Custer,"44,689"
Daniels,"48,086"
Dawson,"45,295"
Deer Lodge,"39,063"
Fallon,"49,509"
Fergus,"43,808"
Flathead,"47,331"
Gallatin,"54,734"
Garfield,"36,291"
Glacier,"34,458"
Golden Valley,"49,137"
Granite,"43,791"
Hill,"45,017"
Jefferson,"47,960"
Judith Basin,"50,492"
Lake,"39,365"
Lewis and Clark,"48,562"
Liberty,"40,956"
Lincoln,"35,432"
McCone,"42,209"
Madison,"49,115"
Meagher,"46,128"
Mineral,"39,957"
Missoula,"49,492"
Musselshell,"43,133"
Park,"48,114"
Petroleum,"35,772"
Phillips,"39,172"
Pondera,"42,363"
Powder River,"32,479"
Powell,"39,771"
Prairie,"44,739"
Ravalli,"44,602"
Richland,"61,217"
Roosevelt,"34,794"
Rosebud,"42,250"
Sanders,"34,896"
Sheridan,"52,541"
Silver Bow,"48,939"
Stillwater,"51,773"
Sweet Grass,"44,455"
Teton,"44,369"
Toole,"45,481"
Treasure,"48,415"
Valley,"46,911"
Wheatland,"35,934"
Wibaux,"50,940"
Yellowstone,"52,340"
,
Nebraska,"53,263"
Adams,"49,139"
Antelope,"46,981"
Arthur,"46,901"
Banner,"58,252"
Blaine,"45,788"
Boone,"54,024"
Box Butte,"47,359"
Boyd,"55,795"
Brown,"51,496"
Buffalo,"54,052"
Burt,"50,268"
Butler,"47,286"
Cass,"53,602"
Cedar,"52,839"
Chase,"49,267"
Cherry,"45,124"
Cheyenne,"48,263"
Clay,"47,220"
Colfax,"43,106"
Cuming,"58,610"
Custer,"44,290"
Dakota,"41,831"
Dawes,"37,092"
Dawson,"43,055"
Deuel,"44,289"
Dixon,"44,185"
Dodge,"47,330"
Douglas,"63,435"
Dundy,"53,144"
Fillmore,"57,068"
Franklin,"47,132"
Frontier,"44,469"
Furnas,"49,008"
Gage,"49,863"
Garden,"40,892"
Garfield,"43,905"
Gosper,"52,671"
Grant,"42,545"
Greeley,"45,109"
Hall,"43,625"
Hamilton,"54,782"
Harlan,"48,143"
Hayes,"45,409"
Hitchcock,"37,990"
Holt,"51,404"
Hooker,"52,667"
Howard,"41,377"
Jefferson,"48,757"
Johnson,"37,179"
Kearney,"56,309"
Keith,"45,896"
Keya Paha,"58,784"
Kimball,"44,069"
Knox,"48,268"
Lancaster,"49,889"
Lincoln,"46,623"
Logan,"37,603"
Loup,"45,361"
McPherson,"45,530"
Madison,"50,630"
Merrick,"47,386"
Morrill,"49,071"
Nance,"38,000"
Nemaha,"48,807"
Nuckolls,"50,836"
Otoe,"53,850"
Pawnee,"48,851"
Perkins,"55,692"
Phelps,"52,792"
Pierce,"57,141"
Platte,"49,386"
Polk,"51,004"
Red Willow,"46,270"
Richardson,"48,195"
Rock,"49,241"
Saline,"43,763"
Sarpy,"50,333"
Saunders,"52,193"
Scotts Bluff,"44,171"
Seward,"49,832"
Sheridan,"47,076"
Sherman,"44,953"
Sioux,"42,404"
Stanton,"48,167"
Thayer,"57,523"
Thomas,"53,979"
Thurston,"41,468"
Valley,"45,713"
Washington,"56,640"
Wayne,"44,622"
Webster,"48,607"
Wheeler,"72,878"
York,"49,892"
,
Nevada,"49,176"
Churchill,"43,661"
Clark,"47,090"
Douglas,"75,159"
Elko,"46,808"
Esmeralda,"40,113"
Eureka,"39,903"
Humboldt,"46,927"
Lander,"63,923"
Lincoln,"36,604"
Lyon,"38,713"
Mineral,"38,074"
Nye,"37,835"
Pershing,"32,592"
Storey,"59,651"
Washoe,"59,639"
White Pine,"44,736"
Carson City,"50,754"
,
New Hampshire,"61,294"
Belknap,"61,091"
Carroll,"58,949"
Cheshire,"51,969"
Coos,"43,098"
Grafton,"60,426"
Hillsborough,"61,147"
Merrimack,"57,924"
Rockingham,"73,819"
Strafford,"50,574"
Sullivan,"51,682"
,
New Jersey,"68,236"
Atlantic,"48,668"
Bergen,"85,951"
Burlington,"62,120"
Camden,"54,103"
Cape May,"60,877"
Cumberland,"40,289"
Essex,"67,459"
Gloucester,"54,745"
Hudson,"65,139"
Hunterdon,"89,610"
Mercer,"69,344"
Middlesex,"61,065"
Monmouth,"79,978"
Morris,"98,842"
Ocean,"52,008"
Passaic,"50,570"
Salem,"48,496"
Somerset,"106,194"
Sussex,"61,757"
Union,"68,262"
Warren,"56,058"
,
New Mexico,"41,609"
Bernalillo,"44,057"
Catron,"32,010"
Chaves,"40,322"
Cibola,"28,130"
Colfax,"39,826"
Curry,"44,161"
De Baca,"39,634"
Do√±a Ana,"36,570"
Eddy,"54,122"
Grant,"41,026"
Guadalupe,"32,994"
Harding,"38,716"
Hidalgo,"41,555"
Lea,"44,437"
Lincoln,"41,793"
Los Alamos,"70,600"
Luna,"31,140"
McKinley,"27,771"
Mora,"35,534"
Otero,"34,636"
Quay,"38,223"
Rio Arriba,"34,582"
Roosevelt,"39,446"
Sandoval,"41,547"
San Juan,"35,453"
San Miguel,"34,579"
Santa Fe,"58,510"
Sierra,"38,984"
Socorro,"34,699"
Taos,"38,455"
Torrance,"30,245"
Union,"32,620"
Valencia,"33,424"
,
New York,"68,668"
Albany,"61,201"
Allegany,"34,880"
Bronx,"37,376"
Broome,"44,540"
Cattaraugus,"39,995"
Cayuga,"42,231"
Chautauqua,"40,759"
Chemung,"44,373"
Chenango,"41,840"
Clinton,"44,081"
Columbia,"55,810"
Cortland,"40,691"
Delaware,"39,632"
Dutchess,"56,365"
Erie,"51,539"
Essex,"45,996"
Franklin,"37,644"
Fulton,"43,112"
Genesee,"43,582"
Greene,"47,008"
Hamilton,"54,086"
Herkimer,"41,581"
Jefferson,"46,924"
Kings,"52,192"
Lewis,"43,971"
Livingston,"45,908"
Madison,"44,502"
Monroe,"52,951"
Montgomery,"41,628"
Nassau,"89,839"
New York,"193,940"
Niagara,"45,501"
Oneida,"44,697"
Onondaga,"52,886"
Ontario,"53,498"
Orange,"51,848"
Orleans,"38,963"
Oswego,"40,538"
Otsego,"43,522"
Putnam,"65,833"
Queens,"49,777"
Rensselaer,"49,156"
Richmond,"56,749"
Rockland,"60,464"
St. Lawrence,"37,940"
Saratoga,"67,618"
Schenectady,"50,533"
Schoharie,"40,791"
Schuyler,"42,063"
Seneca,"38,593"
Steuben,"45,194"
Suffolk,"68,617"
Sullivan,"46,303"
Tioga,"45,910"
Tompkins,"45,282"
Ulster,"50,462"
Warren,"52,475"
Washington,"40,043"
Wayne,"46,048"
Westchester,"108,976"
Wyoming,"39,801"
Yates,"39,402"
,
North Carolina,"46,117"
Alamance,"39,342"
Alexander,"37,438"
Alleghany,"37,549"
Anson,"34,616"
Ashe,"36,300"
Avery,"36,574"
Beaufort,"41,643"
Bertie,"34,766"
Bladen,"34,306"
Brunswick,"42,749"
Buncombe,"48,592"
Burke,"35,265"
Cabarrus,"45,220"
Caldwell,"35,374"
Camden,"45,335"
Carteret,"49,360"
Caswell,"35,591"
Catawba,"45,342"
Chatham,"63,041"
Cherokee,"32,266"
Chowan,"40,817"
Clay,"34,057"
Cleveland,"37,661"
Columbus,"32,397"
Craven,"43,665"
Cumberland,"38,780"
Currituck,"45,435"
Dare,"56,314"
Davidson,"39,087"
Davie,"47,630"
Duplin,"33,619"
Durham,"50,698"
Edgecombe,"34,946"
Forsyth,"48,804"
Franklin,"36,238"
Gaston,"41,379"
Gates,"36,060"
Graham,"33,075"
Granville,"38,652"
Greene,"32,569"
Guilford,"45,875"
Halifax,"36,013"
Harnett,"34,604"
Haywood,"40,290"
Henderson,"43,276"
Hertford,"32,702"
Hoke,"31,148"
Hyde,"43,490"
Iredell,"50,065"
Jackson,"32,844"
Johnston,"39,922"
Jones,"38,536"
Lee,"40,098"
Lenoir,"40,922"
Lincoln,"45,791"
McDowell,"34,077"
Macon,"40,057"
Madison,"34,036"
Martin,"34,647"
Mecklenburg,"61,137"
Mitchell,"35,932"
Montgomery,"35,611"
Moore,"51,307"
Nash,"42,016"
New Hanover,"45,290"
Northampton,"34,185"
Onslow,"46,142"
Orange,"67,385"
Pamlico,"43,532"
Pasquotank,"39,417"
Pender,"35,914"
Perquimans,"40,781"
Person,"38,202"
Pitt,"41,191"
Polk,"45,291"
Randolph,"37,017"
Richmond,"35,148"
Robeson,"29,438"
Rockingham,"37,137"
Rowan,"38,089"
Rutherford,"32,764"
Sampson,"35,900"
Scotland,"33,229"
Stanly,"39,047"
Stokes,"36,850"
Surry,"38,522"
Swain,"38,429"
Transylvania,"42,070"
Tyrrell,"30,000"
Union,"51,326"
Vance,"35,105"
Wake,"59,014"
Warren,"30,397"
Washington,"36,073"
Watauga,"36,684"
Wayne,"38,472"
Wilkes,"36,576"
Wilson,"40,501"
Yadkin,"37,027"
Yancey,"36,715"
,
North Dakota,"55,452"
Adams,"59,197"
Barnes,"55,784"
Benson,"34,482"
Billings,"74,682"
Bottineau,"58,823"
Bowman,"60,829"
Burke,"63,721"
Burleigh,"58,173"
Cass,"56,070"
Cavalier,"68,040"
Dickey,"52,437"
Divide,"48,574"
Dunn,"60,338"
Eddy,"54,013"
Emmons,"49,489"
Foster,"62,928"
Golden Valley,"43,871"
Grand Forks,"51,494"
Grant,"38,371"
Griggs,"55,349"
Hettinger,"51,130"
Kidder,"50,285"
LaMoure,"56,134"
Logan,"60,543"
McHenry,"52,233"
McIntosh,"59,596"
McKenzie,"62,549"
McLean,"54,518"
Mercer,"57,839"
Morton,"52,153"
Mountrail,"58,955"
Nelson,"60,817"
Oliver,"48,290"
Pembina,"50,088"
Pierce,"52,070"
Ramsey,"47,425"
Ransom,"55,912"
Renville,"60,976"
Richland,"53,007"
Rolette,"36,647"
Sargent,"65,448"
Sheridan,"35,497"
Sioux,"27,662"
Slope,"49,476"
Stark,"61,032"
Steele,"63,327"
Stutsman,"54,491"
Towner,"53,786"
Traill,"51,103"
Walsh,"48,945"
Ward,"55,214"
Wells,"55,328"
Williams,"68,874"
,
Ohio,"48,739"
Adams,"34,632"
Allen,"42,816"
Ashland,"38,441"
Ashtabula,"38,461"
Athens,"33,274"
Auglaize,"49,578"
Belmont,"42,429"
Brown,"37,259"
Butler,"47,408"
Carroll,"39,698"
Champaign,"41,055"
Clark,"40,769"
Clermont,"53,770"
Clinton,"45,728"
Columbiana,"38,013"
Coshocton,"34,856"
Crawford,"38,704"
Cuyahoga,"54,739"
Darke,"42,793"
Defiance,"41,540"
Delaware,"74,093"
Erie,"62,591"
Fairfield,"46,113"
Fayette,"38,449"
Franklin,"50,443"
Fulton,"45,594"
Gallia,"39,864"
Geauga,"69,129"
Greene,"50,291"
Guernsey,"39,878"
Hamilton,"59,561"
Hancock,"51,623"
Hardin,"33,482"
Harrison,"38,573"
Henry,"45,884"
Highland,"36,326"
Hocking,"38,047"
Holmes,"45,211"
Huron,"40,323"
Jackson,"35,783"
Jefferson,"39,311"
Knox,"42,162"
Lake,"50,729"
Lawrence,"38,673"
Licking,"46,059"
Logan,"42,914"
Lorain,"46,147"
Lucas,"46,290"
Madison,"41,751"
Mahoning,"43,097"
Marion,"38,252"
Medina,"55,691"
Meigs,"34,067"
Mercer,"51,562"
Miami,"47,552"
Monroe,"34,665"
Montgomery,"46,891"
Morgan,"33,180"
Morrow,"38,666"
Muskingum,"40,614"
Noble,"27,211"
Ottawa,"51,637"
Paulding,"41,032"
Perry,"37,187"
Pickaway,"41,131"
Pike,"37,443"
Portage,"44,055"
Preble,"40,607"
Putnam,"50,059"
Richland,"39,234"
Ross,"36,941"
Sandusky,"41,624"
Scioto,"39,080"
Seneca,"39,681"
Shelby,"46,188"
Stark,"45,136"
Summit,"51,036"
Trumbull,"41,363"
Tuscarawas,"43,358"
Union,"55,470"
Van Wert,"42,638"
Vinton,"33,120"
Warren,"59,799"
Washington,"43,396"
Wayne,"44,039"
Williams,"41,712"
Wood,"47,694"
Wyandot,"45,588"
,
Oklahoma,"46,233"
Adair,"28,862"
Alfalfa,"40,624"
Atoka,"32,379"
Beaver,"49,106"
Beckham,"37,948"
Blaine,"41,493"
Bryan,"34,575"
Caddo,"35,239"
Canadian,"44,878"
Carter,"43,079"
Cherokee,"32,290"
Choctaw,"31,885"
Cimarron,"60,706"
Cleveland,"45,094"
Coal,"33,783"
Comanche,"41,497"
Cotton,"41,766"
Craig,"35,718"
Creek,"40,791"
Custer,"41,652"
Delaware,"31,188"
Dewey,"44,529"
Ellis,"51,570"
Garfield,"44,465"
Garvin,"38,135"
Grady,"39,675"
Grant,"45,182"
Greer,"26,344"
Harmon,"35,642"
Harper,"46,436"
Haskell,"32,365"
Hughes,"31,833"
Jackson,"38,527"
Jefferson,"32,083"
Johnston,"36,611"
Kay,"40,881"
Kingfisher,"49,257"
Kiowa,"32,546"
Latimer,"32,707"
Le Flore,"32,677"
Lincoln,"35,653"
Logan,"43,169"
Love,"37,547"
McClain,"45,143"
McCurtain,"31,648"
McIntosh,"33,267"
Major,"43,762"
Marshall,"32,681"
Mayes,"35,197"
Murray,"42,289"
Muskogee,"36,759"
Noble,"41,401"
Nowata,"36,165"
Okfuskee,"30,092"
Oklahoma,"52,168"
Okmulgee,"33,971"
Osage,"34,971"
Ottawa,"35,746"
Pawnee,"35,836"
Payne,"37,159"
Pittsburg,"38,551"
Pontotoc,"43,148"
Pottawatomie,"37,456"
Pushmataha,"31,395"
Roger Mills,"48,554"
Rogers,"45,815"
Seminole,"34,054"
Sequoyah,"33,420"
Stephens,"41,413"
Texas,"46,597"
Tillman,"39,961"
Tulsa,"62,756"
Wagoner,"39,550"
Washington,"64,481"
Washita,"36,490"
Woods,"42,890"
Woodward,"43,906"
,
Oregon,"50,843"
Baker,"40,699"
Benton,"47,019"
Clackamas,"58,608"
Clatsop,"45,069"
Columbia,"44,312"
Coos,"43,620"
Crook,"40,945"
Curry,"42,657"
Deschutes,"55,143"
Douglas,"40,408"
Gilliam,"48,448"
Grant,"41,939"
Harney,"39,122"
Hood River,"56,624"
Jackson,"46,603"
Jefferson,"32,962"
Josephine,"40,977"
Klamath,"39,891"
Lake,"39,797"
Lane,"45,919"
Lincoln,"44,119"
Linn,"42,891"
Malheur,"30,992"
Marion,"43,042"
Morrow,"39,095"
Multnomah,"57,850"
Polk,"41,379"
Sherman,"52,296"
Tillamook,"44,492"
Umatilla,"39,684"
Union,"40,547"
Wallowa,"45,099"
Wasco,"43,658"
Washington,"60,971"
Wheeler,"37,142"
Yamhill,"45,478"
,
Pennsylvania,"56,225"
Adams,"49,173"
Allegheny,"62,958"
Armstrong,"45,510"
Beaver,"48,763"
Bedford,"42,889"
Berks,"49,945"
Blair,"46,743"
Bradford,"41,331"
Bucks,"73,447"
Butler,"58,927"
Cambria,"43,420"
Cameron,"48,651"
Carbon,"50,322"
Centre,"46,193"
Chester,"82,846"
Clarion,"41,732"
Clearfield,"44,421"
Clinton,"39,716"
Columbia,"42,211"
Crawford,"40,969"
Cumberland,"55,141"
Dauphin,"51,100"
Delaware,"66,617"
Elk,"48,886"
Erie,"44,903"
Fayette,"42,649"
Forest,"22,787"
Franklin,"46,403"
Fulton,"45,522"
Greene,"44,751"
Huntingdon,"38,558"
Indiana,"39,923"
Jefferson,"44,136"
Juniata,"45,277"
Lackawanna,"47,730"
Lancaster,"52,664"
Lawrence,"43,929"
Lebanon,"48,352"
Lehigh,"53,614"
Luzerne,"45,219"
Lycoming,"43,823"
McKean,"45,261"
Mercer,"43,024"
Mifflin,"39,738"
Monroe,"42,722"
Montgomery,"80,606"
Montour,"57,426"
Northampton,"54,859"
Northumberland,"41,712"
Perry,"44,693"
Philadelphia,"55,747"
Pike,"47,864"
Potter,"42,819"
Schuylkill,"42,862"
Snyder,"42,449"
Somerset,"42,179"
Sullivan,"46,097"
Susquehanna,"45,336"
Tioga,"41,039"
Union,"41,246"
Venango,"42,223"
Warren,"42,875"
Washington,"59,568"
Wayne,"43,996"
Westmoreland,"52,200"
Wyoming,"45,285"
York,"50,113"
,
Rhode Island,"54,850"
Bristol,"78,805"
Kent,"59,665"
Newport,"68,679"
Providence,"48,137"
Washington,"64,158"
,
South Carolina,"43,702"
Abbeville,"34,108"
Aiken,"42,511"
Allendale,"33,237"
Anderson,"39,710"
Bamberg,"32,858"
Barnwell,"33,363"
Beaufort,"56,711"
Berkeley,"40,415"
Calhoun,"38,451"
Charleston,"61,477"
Cherokee,"33,197"
Chester,"34,014"
Chesterfield,"31,012"
Clarendon,"33,197"
Colleton,"35,697"
Darlington,"37,475"
Dillon,"27,718"
Dorchester,"38,892"
Edgefield,"36,436"
Fairfield,"36,758"
Florence,"41,833"
Georgetown,"47,071"
Greenville,"48,644"
Greenwood,"37,424"
Hampton,"32,473"
Horry,"37,091"
Jasper,"29,242"
Kershaw,"41,227"
Lancaster,"49,127"
Laurens,"34,622"
Lee,"32,708"
Lexington,"46,513"
McCormick,"38,513"
Marion,"31,492"
Marlboro,"31,562"
Newberry,"37,793"
Oconee,"43,312"
Orangeburg,"33,818"
Pickens,"38,344"
Richland,"45,529"
Saluda,"34,455"
Spartanburg,"43,148"
Sumter,"38,603"
Union,"32,745"
Williamsburg,"32,726"
York,"46,667"
,
South Dakota,"52,216"
Aurora,"45,253"
Beadle,"49,246"
Bennett,"29,462"
Bon Homme,"38,851"
Brookings,"46,302"
Brown,"52,652"
Brule,"46,570"
Buffalo,"23,341"
Butte,"38,639"
Campbell,"50,232"
Charles Mix,"44,877"
Clark,"48,261"
Clay,"39,485"
Codington,"49,518"
Corson,"29,927"
Custer,"48,334"
Davison,"50,794"
Day,"47,352"
Deuel,"51,766"
Dewey,"35,720"
Douglas,"57,808"
Edmunds,"52,029"
Fall River,"46,885"
Faulk,"42,762"
Grant,"57,069"
Gregory,"48,209"
Haakon,"49,880"
Hamlin,"44,209"
Hand,"55,673"
Hanson,"66,614"
Harding,"51,036"
Hughes,"52,986"
Hutchinson,"53,179"
Hyde,"52,133"
Jackson,"26,835"
Jerauld,"54,425"
Jones,"60,001"
Kingsbury,"50,975"
Lake,"52,401"
Lawrence,"50,232"
Lincoln,"67,364"
Lyman,"47,431"
McCook,"52,453"
McPherson,"38,625"
Marshall,"48,721"
Meade,"43,015"
Mellette,"28,152"
Miner,"52,938"
Minnehaha,"57,223"
Moody,"49,690"
Oglala Lakota,"25,047"
Pennington,"51,369"
Perkins,"42,195"
Potter,"70,768"
Roberts,"36,929"
Sanborn,"48,731"
Spink,"52,479"
Stanley,"73,776"
Sully,"76,036"
Todd,"25,157"
Tripp,"49,835"
Turner,"62,019"
Union,"107,497"
Walworth,"45,924"
Yankton,"50,275"
Ziebach,"20,571"
,
Tennessee,"46,900"
Anderson,"41,853"
Bedford,"37,266"
Benton,"33,661"
Bledsoe,"26,281"
Blount,"42,991"
Bradley,"39,099"
Campbell,"33,967"
Cannon,"36,113"
Carroll,"35,900"
Carter,"34,579"
Cheatham,"43,932"
Chester,"33,642"
Claiborne,"35,384"
Clay,"31,013"
Cocke,"31,942"
Coffee,"38,656"
Crockett,"36,560"
Cumberland,"36,613"
Davidson,"66,060"
Decatur,"42,639"
DeKalb,"40,132"
Dickson,"40,556"
Dyer,"40,642"
Fayette,"55,364"
Fentress,"32,232"
Franklin,"38,880"
Gibson,"38,654"
Giles,"38,766"
Grainger,"33,490"
Greene,"39,971"
Grundy,"31,011"
Hamblen,"36,636"
Hamilton,"51,743"
Hancock,"27,042"
Hardeman,"29,430"
Hardin,"39,387"
Hawkins,"34,188"
Haywood,"32,023"
Henderson,"35,748"
Henry,"41,989"
Hickman,"32,780"
Houston,"32,822"
Humphreys,"38,665"
Jackson,"31,189"
Jefferson,"35,866"
Johnson,"32,249"
Knox,"49,738"
Lake,"23,230"
Lauderdale,"29,187"
Lawrence,"35,252"
Lewis,"34,432"
Lincoln,"41,388"
Loudon,"48,491"
McMinn,"35,897"
McNairy,"32,573"
Macon,"33,297"
Madison,"42,720"
Marion,"38,450"
Marshall,"37,550"
Maury,"42,696"
Meigs,"33,526"
Monroe,"33,338"
Montgomery,"41,031"
Moore,"41,276"
Morgan,"29,380"
Obion,"40,666"
Overton,"33,701"
Perry,"34,268"
Pickett,"39,686"
Polk,"33,772"
Putnam,"39,509"
Rhea,"34,147"
Roane,"40,980"
Robertson,"42,104"
Rutherford,"41,031"
Scott,"29,758"
Sequatchie,"38,003"
Sevier,"39,474"
Shelby,"49,465"
Smith,"37,742"
Stewart,"39,853"
Sullivan,"42,606"
Sumner,"48,656"
Tipton,"38,547"
Trousdale,"30,090"
Unicoi,"37,423"
Union,"31,693"
Van Buren,"30,770"
Warren,"33,970"
Washington,"43,299"
Wayne,"28,962"
Weakley,"37,316"
White,"32,477"
Williamson,"94,872"
Wilson,"49,092"
,
Texas,"50,355"
Anderson,"34,242"
Andrews,"50,011"
Angelina,"38,897"
Aransas,"48,389"
Archer,"50,310"
Armstrong,"47,995"
Atascosa,"36,660"
Austin,"50,702"
Bailey,"42,507"
Bandera,"43,459"
Bastrop,"36,561"
Baylor,"41,704"
Bee,"28,457"
Bell,"42,773"
Bexar,"46,058"
Blanco,"51,968"
Borden,"63,756"
Bosque,"41,592"
Bowie,"40,010"
Brazoria,"47,239"
Brazos,"39,216"
Brewster,"45,652"
Briscoe,"35,243"
Brooks,"33,861"
Brown,"38,830"
Burleson,"42,629"
Burnet,"46,516"
Caldwell,"33,668"
Calhoun,"38,668"
Callahan,"39,392"
Cameron,"28,756"
Camp,"38,660"
Carson,"46,373"
Cass,"36,905"
Castro,"42,786"
Chambers,"53,673"
Cherokee,"34,468"
Childress,"30,084"
Clay,"42,335"
Cochran,"38,312"
Coke,"41,895"
Coleman,"40,669"
Collin,"65,874"
Collingsworth,"33,039"
Colorado,"46,821"
Comal,"58,067"
Comanche,"42,465"
Concho,"19,801"
Cooke,"54,174"
Coryell,"33,996"
Cottle,"57,288"
Crane,"47,758"
Crockett,"41,472"
Crosby,"30,773"
Culberson,"54,180"
Dallam,"52,148"
Dallas,"58,993"
Dawson,"37,111"
Deaf Smith,"40,470"
Delta,"34,803"
Denton,"55,933"
DeWitt,"54,549"
Dickens,"31,586"
Dimmit,"36,639"
Donley,"45,736"
Duval,"36,418"
Eastland,"71,142"
Ector,"47,271"
Edwards,"35,182"
Ellis,"44,313"
El Paso,"35,856"
Erath,"39,572"
Falls,"34,619"
Fannin,"37,605"
Fayette,"53,564"
Fisher,"46,444"
Floyd,"37,367"
Foard,"42,954"
Fort Bend,"57,540"
Franklin,"39,730"
Freestone,"37,066"
Frio,"27,545"
Gaines,"36,009"
Galveston,"51,785"
Garza,"30,072"
Gillespie,"60,561"
Glasscock,"102,145"
Goliad,"43,858"
Gonzales,"43,342"
Gray,"44,002"
Grayson,"42,195"
Gregg,"45,401"
Grimes,"35,450"
Guadalupe,"44,809"
Hale,"32,263"
Hall,"30,180"
Hamilton,"60,744"
Hansford,"62,998"
Hardeman,"38,212"
Hardin,"45,982"
Harris,"56,474"
Harrison,"41,917"
Hartley,"62,463"
Haskell,"34,530"
Hays,"43,719"
Hemphill,"58,484"
Henderson,"39,627"
Hidalgo,"26,410"
Hill,"39,205"
Hockley,"38,975"
Hood,"50,741"
Hopkins,"39,120"
Houston,"38,081"
Howard,"40,255"
Hudspeth,"32,472"
Hunt,"38,029"
Hutchinson,"41,550"
Irion,"68,327"
Jack,"44,061"
Jackson,"41,770"
Jasper,"40,803"
Jeff Davis,"42,947"
Jefferson,"44,065"
Jim Hogg,"30,696"
Jim Wells,"40,570"
Johnson,"41,697"
Jones,"30,559"
Karnes,"49,593"
Kaufman,"42,837"
Kendall,"84,270"
Kenedy,"43,561"
Kent,"54,858"
Kerr,"50,150"
Kimble,"43,309"
King,"55,661"
Kinney,"30,431"
Kleberg,"38,997"
Knox,"38,457"
Lamar,"40,763"
Lamb,"38,247"
Lampasas,"49,457"
La Salle,"35,809"
Lavaca,"50,919"
Lee,"46,713"
Leon,"40,388"
Liberty,"37,237"
Limestone,"35,771"
Lipscomb,"64,757"
Live Oak,"35,636"
Llano,"47,476"
Loving,"56,730"
Lubbock,"42,569"
Lynn,"33,119"
McCulloch,"37,927"
McLennan,"41,254"
McMullen,"72,150"
Madison,"30,435"
Marion,"38,063"
Martin,"56,021"
Mason,"44,601"
Matagorda,"40,596"
Maverick,"30,505"
Medina,"39,403"
Menard,"35,311"
Midland,"124,455"
Milam,"36,135"
Mills,"37,153"
Mitchell,"31,913"
Montague,"42,074"
Montgomery,"63,605"
Moore,"41,275"
Morris,"43,421"
Motley,"28,938"
Nacogdoches,"37,755"
Navarro,"37,922"
Newton,"33,350"
Nolan,"43,087"
Nueces,"44,378"
Ochiltree,"57,287"
Oldham,"49,120"
Orange,"44,938"
Palo Pinto,"39,125"
Panola,"43,508"
Parker,"53,289"
Parmer,"44,981"
Pecos,"36,584"
Polk,"39,438"
Potter,"43,945"
Presidio,"42,848"
Rains,"33,602"
Randall,"47,966"
Reagan,"48,253"
Real,"34,687"
Red River,"40,648"
Reeves,"39,418"
Refugio,"42,606"
Roberts,"41,971"
Robertson,"40,394"
Rockwall,"61,003"
Runnels,"39,816"
Rusk,"36,485"
Sabine,"34,631"
San Augustine,"39,879"
San Jacinto,"34,514"
San Patricio,"43,945"
San Saba,"41,233"
Schleicher,"40,136"
Scurry,"42,095"
Shackelford,"130,461"
Shelby,"41,666"
Sherman,"49,508"
Smith,"55,229"
Somervell,"45,756"
Starr,"26,316"
Stephens,"39,289"
Sterling,"58,174"
Stonewall,"53,416"
Sutton,"61,478"
Swisher,"41,977"
Tarrant,"51,239"
Taylor,"45,333"
Terrell,"48,024"
Terry,"32,062"
Throckmorton,"35,941"
Titus,"34,718"
Tom Green,"45,993"
Travis,"67,504"
Trinity,"34,514"
Tyler,"32,081"
Upshur,"36,645"
Upton,"44,545"
Uvalde,"39,458"
Val Verde,"36,554"
Van Zandt,"38,200"
Victoria,"46,142"
Walker,"28,016"
Waller,"39,995"
Ward,"49,916"
Washington,"52,265"
Webb,"31,635"
Wharton,"41,473"
Wheeler,"41,801"
Wichita,"43,170"
Wilbarger,"42,041"
Willacy,"28,593"
Williamson,"50,776"
Wilson,"44,255"
Winkler,"57,584"
Wise,"43,752"
Wood,"38,152"
Yoakum,"41,112"
Young,"50,231"
Zapata,"28,294"
Zavala,"29,202"
,
Utah,"46,320"
Beaver,"33,739"
Box Elder,"37,390"
Cache,"38,974"
Carbon,"38,499"
Daggett,"41,157"
Davis,"46,286"
Duchesne,"36,709"
Emery,"33,145"
Garfield,"36,688"
Grand,"54,010"
Iron,"32,197"
Juab,"36,087"
Kane,"40,257"
Millard,"35,196"
Morgan,"52,426"
Piute,"33,716"
Rich,"35,436"
Salt Lake,"52,639"
San Juan,"26,638"
Sanpete,"29,209"
Sevier,"34,117"
Summit,"131,606"
Tooele,"36,836"
Uintah,"31,563"
Utah,"40,919"
Wasatch,"53,285"
Washington,"38,847"
Wayne,"39,096"
Weber,"41,853"
,
Vermont,"54,173"
Addison,"51,805"
Bennington,"54,458"
Caledonia,"41,246"
Chittenden,"60,914"
Essex,"36,008"
Franklin,"46,220"
Grand Isle,"59,204"
Lamoille,"53,953"
Orange,"47,170"
Orleans,"43,542"
Rutland,"52,343"
Washington,"60,255"
Windham,"50,925"
Windsor,"58,116"
,
Virginia,"57,799"
Accomack,"42,764"
Amelia,"44,774"
Amherst,"37,160"
Appomattox,"38,302"
Arlington,"95,198"
Bath,"61,628"
Bedford,"46,707"
Bland,"37,321"
Botetourt,"50,274"
Brunswick,"32,682"
Buchanan,"36,229"
Buckingham,"30,704"
Caroline,"41,781"
Charles City,"45,824"
Charlotte,"35,970"
Chesterfield,"53,695"
Clarke,"67,111"
Craig,"38,185"
Culpeper,"46,510"
Cumberland,"38,698"
Dickenson,"32,354"
Essex,"42,334"
Fauquier,"70,787"
Floyd,"38,903"
Fluvanna,"44,693"
Franklin,"40,781"
Giles,"40,117"
Gloucester,"50,502"
Goochland,"100,545"
Grayson,"33,013"
Greene,"44,383"
Halifax,"37,329"
Hanover,"60,259"
Henrico,"66,836"
Highland,"46,113"
Isle of Wight,"55,308"
King and Queen,"43,361"
King George,"53,000"
King William,"46,612"
Lancaster,"60,152"
Lee,"30,303"
Loudoun,"78,070"
Louisa,"42,476"
Lunenburg,"33,755"
Madison,"48,822"
Mathews,"56,088"
Mecklenburg,"37,240"
Middlesex,"51,213"
Nelson,"50,717"
New Kent,"70,743"
Northampton,"49,313"
Northumberland,"52,946"
Nottoway,"34,897"
Orange,"49,010"
Page,"39,109"
Patrick,"34,070"
Powhatan,"56,607"
Prince Edward,"31,890"
Pulaski,"40,443"
Rappahannock,"65,538"
Richmond,"36,799"
Russell,"33,498"
Scott,"33,769"
Shenandoah,"45,387"
Smyth,"36,955"
Stafford,"55,076"
Surry,"46,413"
Sussex,"31,378"
Tazewell,"38,888"
Warren,"46,743"
Westmoreland,"43,166"
Wythe,"35,608"
Independent cities:,
Alexandria,"88,008"
Chesapeake,"50,529"
Hampton,"43,547"
Newport News,"43,501"
Norfolk,"41,822"
Portsmouth,"41,169"
Richmond,"56,306"
Roanoke,"43,451"
Suffolk,"51,798"
Virginia Beach,"58,308"
Combination areas2:,
Albemarle + Charlottesville,"74,613"
Alleghany + Covington,"40,061"
"Augusta, Staunton + Waynesboro","44,316"
Campbell + Lynchburg,"37,719"
Carroll + Galax,"36,023"
"Dinwiddie, Colonial Heights + Petersburg","40,352"
"Fairfax, Fairfax City + Falls Church","82,441"
Frederick + Winchester,"50,802"
Greensville + Emporia,"32,391"
Henry + Martinsville,"39,367"
James City + Williamsburg,"65,906"
Montgomery + Radford,"37,759"
Pittsylvania + Danville,"38,497"
Prince George + Hopewell,"38,779"
"Prince William, Manassas + Manassas Park","54,740"
Roanoke + Salem,"52,248"
"Rockbridge, Buena Vista + Lexington","40,320"
Rockingham + Harrisonburg,"39,721"
Southampton + Franklin,"42,381"
Spotsylvania + Fredericksburg,"50,790"
Washington + Bristol,"40,912"
Wise + Norton,"32,988"
York + Poquoson,"59,113"
,
Washington,"62,026"
Adams,"42,800"
Asotin,"47,104"
Benton,"47,465"
Chelan,"54,763"
Clallam,"46,120"
Clark,"53,423"
Columbia,"50,073"
Cowlitz,"44,990"
Douglas,"41,508"
Ferry,"36,071"
Franklin,"37,390"
Garfield,"44,510"
Grant,"39,789"
Grays Harbor,"40,429"
Island,"55,724"
Jefferson,"52,580"
King,"90,438"
Kitsap,"56,244"
Kittitas,"42,603"
Klickitat,"48,654"
Lewis,"43,453"
Lincoln,"46,312"
Mason,"42,767"
Okanogan,"42,462"
Pacific,"41,740"
Pend Oreille,"41,664"
Pierce,"52,114"
San Juan,"76,749"
Skagit,"53,060"
Skamania,"45,802"
Snohomish,"55,888"
Spokane,"46,466"
Stevens,"39,505"
Thurston,"51,684"
Wahkiakum,"42,423"
Walla Walla,"46,144"
Whatcom,"48,792"
Whitman,"40,935"
Yakima,"43,379"
,
West Virginia,"40,873"
Barbour,"32,290"
Berkeley,"41,201"
Boone,"33,592"
Braxton,"31,594"
Brooke,"41,740"
Cabell,"42,939"
Calhoun,"30,155"
Clay,"30,925"
Doddridge,"28,862"
Fayette,"34,577"
Gilmer,"28,917"
Grant,"36,691"
Greenbrier,"38,098"
Hampshire,"35,068"
Hancock,"42,128"
Hardy,"34,150"
Harrison,"48,226"
Jackson,"38,147"
Jefferson,"49,926"
Kanawha,"48,435"
Lewis,"40,653"
Lincoln,"30,549"
Logan,"36,525"
McDowell,"30,451"
Marion,"41,980"
Marshall,"41,028"
Mason,"33,318"
Mercer,"37,452"
Mineral,"38,815"
Mingo,"32,051"
Monongalia,"44,679"
Monroe,"30,359"
Morgan,"34,533"
Nicholas,"34,102"
Ohio,"65,100"
Pendleton,"35,140"
Pleasants,"43,883"
Pocahontas,"38,172"
Preston,"35,686"
Putnam,"46,941"
Raleigh,"41,115"
Randolph,"36,533"
Ritchie,"37,177"
Roane,"34,770"
Summers,"32,879"
Taylor,"40,675"
Tucker,"41,322"
Tyler,"37,336"
Upshur,"33,261"
Wayne,"33,637"
Webster,"27,816"
Wetzel,"36,791"
Wirt,"32,156"
Wood,"42,669"
Wyoming,"30,510"
,
Wisconsin,"51,592"
Adams,"38,736"
Ashland,"41,106"
Barron,"49,431"
Bayfield,"48,542"
Brown,"52,821"
Buffalo,"44,756"
Burnett,"42,706"
Calumet,"50,776"
Chippewa,"46,162"
Clark,"40,228"
Columbia,"51,147"
Crawford,"41,485"
Dane,"61,304"
Dodge,"44,799"
Door,"63,178"
Douglas,"43,004"
Dunn,"39,948"
Eau Claire,"48,240"
Florence,"54,346"
Fond du Lac,"48,126"
Forest,"41,517"
Grant,"43,310"
Green,"51,026"
Green Lake,"46,152"
Iowa,"48,073"
Iron,"51,471"
Jackson,"46,528"
Jefferson,"46,241"
Juneau,"37,898"
Kenosha,"46,874"
Kewaunee,"46,197"
La Crosse,"50,107"
Lafayette,"43,042"
Langlade,"43,223"
Lincoln,"45,766"
Manitowoc,"47,675"
Marathon,"50,111"
Marinette,"44,014"
Marquette,"41,182"
Menominee,"30,371"
Milwaukee,"47,589"
Monroe,"41,779"
Oconto,"45,609"
Oneida,"51,715"
Outagamie,"51,230"
Ozaukee,"83,992"
Pepin,"47,961"
Pierce,"45,936"
Polk,"46,514"
Portage,"45,886"
Price,"45,320"
Racine,"49,749"
Richland,"43,233"
Rock,"44,204"
Rusk,"44,199"
St. Croix,"55,543"
Sauk,"48,365"
Sawyer,"45,915"
Shawano,"42,290"
Sheboygan,"52,851"
Taylor,"39,051"
Trempealeau,"44,698"
Vernon,"40,356"
Vilas,"53,983"
Walworth,"50,023"
Washburn,"47,218"
Washington,"58,601"
Waukesha,"72,650"
Waupaca,"45,629"
Waushara,"41,204"
Winnebago,"48,101"
Wood,"46,743"
,
Wyoming,"60,361"
Albany,"40,444"
Big Horn,"36,903"
Campbell,"52,824"
Carbon,"58,372"
Converse,"55,011"
Crook,"46,081"
Fremont,"43,633"
Goshen,"43,348"
Hot Springs,"55,232"
Johnson,"51,314"
Laramie,"52,039"
Lincoln,"43,049"
Natrona,"69,379"
Niobrara,"51,357"
Park,"54,308"
Platte,"48,442"
Sheridan,"58,223"
Sublette,"51,361"
Sweetwater,"53,145"
Teton,"251,728"
Uinta,"40,280"
Washakie,"48,184"
Weston,"44,737"